-- 角色
INSERT INTO sys_role (id, company_id, code, name, is_locked, remarks, create_by, create_date, update_by, update_date, del_flag) VALUES ('2000', '0', 'supers', '超级管理', '0', '', '系统管理员(system)', '2020-09-08 13:55:07', '超级管理员(super)', '2023-02-22 13:54:42', '0');
INSERT INTO sys_role (id, company_id, code, name, is_locked, remarks, create_by, create_date, update_by, update_date, del_flag) VALUES ('2001', '0', 'admins', '系统管理', '0', '', '系统管理员', '2019-07-23 15:35:15', '系统管理员(system)', '2022-12-09 15:05:10.521', '0');


-- 用户
INSERT INTO sys_user (id, company_id, department_id, name, login_name, login_password, is_locked, phone, email, remarks, create_by, create_date, update_by, update_date, del_flag) VALUES ('1000', '0', '0', '超级管理员', 'super', '9e59eb630c1019ac5747817e0e550e73', '0', '15787463746', '11@qq.com', '', '系统管理员(system)', '2020-12-02 11:50:05', '超级管理员(super)', '2023-03-10 14:39:51', '0');
INSERT INTO sys_user (id, company_id, department_id, name, login_name, login_password, is_locked, phone, email, remarks, create_by, create_date, update_by, update_date, del_flag) VALUES ('1001', '0', '0', '系统管理员', 'system', '0b8016b98b60b51f624b31915a00dfc9', '0', '', '', '', '系统管理员', '2019-07-23 17:08:59', '系统管理员(system)', '2020-12-02 12:49:04', '0');


-- 用户角色
INSERT INTO sys_user_role (id, user_id, role_id, remarks, create_by, create_date, update_by, update_date, del_flag) VALUES ('12000', '1000', '2000', '', '系统管理员(system)', '2020-12-02 12:49:14', '超级管理员(super)', '2023-03-10 14:39:51', '0');
INSERT INTO sys_user_role (id, user_id, role_id, remarks, create_by, create_date, update_by, update_date, del_flag) VALUES ('12001', '1001', '2001', '', '系统管理员(system)', '2020-12-02 11:50:05', '系统管理员(system)', '2022-01-14 12:16:44', '0');


-- 路由
INSERT INTO sys_router (id, code, url, parent_id, ids, name, sort, can_permission, is_locked, properties, remarks, create_by, create_date, update_by, update_date, del_flag, system_code, icon_id) VALUES ('3000', 'admin/user', 'user', '70679339033575427', '0.842593143775241813.70679339033575427.3000.', '用户管理', '1040', '1', '0', '{"meta": {"requiresAuth": true}, "cssClass": "users", "component": "RouterView", "nameFullPath": "系统设置/企业管理/用户管理"}', '', '系统管理员', '2019-07-23 09:02:29', '超级管理员(super)', '2022-02-10 18:32:37', '0', '0', null);
INSERT INTO sys_router (id, code, url, parent_id, ids, name, sort, can_permission, is_locked, properties, remarks, create_by, create_date, update_by, update_date, del_flag, system_code, icon_id) VALUES ('3001', 'admin/role', 'role', '70679339033575427', '0.842593143775241813.70679339033575427.3001.', '角色管理', '1030', '1', '0', '{"meta": {"requiresAuth": true}, "cssClass": "roles", "component": "RouterView", "nameFullPath": "系统设置/企业管理/角色管理"}', '', '系统管理员', '2019-07-23 07:27:38', '超级管理员(super)', '2022-02-10 18:44:12', '0', '0', null);
INSERT INTO sys_router (id, code, url, parent_id, ids, name, sort, can_permission, is_locked, properties, remarks, create_by, create_date, update_by, update_date, del_flag, system_code, icon_id) VALUES ('3003', 'admin/resource', 'resource', '3004', '0.3004.3003.', '资源管理', '7202', '0', '0', '{"meta": {"requiresAuth": true}, "cssClass": "resource", "component": "RouterView", "nameFullPath": "系统管理/资源管理"}', '', '系统管理员', '2019-07-19 06:18:24', '系统管理员(system)', '2020-09-08 15:00:57', '0', '0', null);
INSERT INTO sys_router (id, code, url, parent_id, ids, name, sort, can_permission, is_locked, properties, remarks, create_by, create_date, update_by, update_date, del_flag, system_code, icon_id) VALUES ('3004', '', '', '0', '0.3004.', '系统管理', '98000000', '1', '0', '{"meta": {"requiresAuth": false}, "cssClass": "sysManagement", "nameFullPath": "系统管理"}', '', '系统管理员', '2019-07-18 14:43:52', '超级管理员(super)', '2022-09-13 10:07:15', '0', '0', null);
INSERT INTO sys_router (id, code, url, parent_id, ids, name, sort, can_permission, is_locked, properties, remarks, create_by, create_date, update_by, update_date, del_flag, system_code, icon_id) VALUES ('3005', 'wf/designer', 'designer', '3010', '0.3010.3005.', '流程设计', '9001', '1', '0', '{"meta": {"requiresAuth": true}, "cssClass": "flow", "component": "RouterView", "nameFullPath": "工作流/流程设计"}', '', '系统管理员(system)', '2020-04-11 14:46:31', '系统管理员(system)', '2020-09-08 15:02:34', '0', '0', null);
INSERT INTO sys_router (id, code, url, parent_id, ids, name, sort, can_permission, is_locked, properties, remarks, create_by, create_date, update_by, update_date, del_flag, system_code, icon_id) VALUES ('3007', 'admin/router', 'router', '3004', '0.3004.3007.', '路由管理', '7101', '0', '0', '{"meta": {"requiresAuth": true}, "cssClass": "route", "component": "RouterView", "nameFullPath": "系统管理/路由管理"}', '', '系统管理员', '2019-07-18 14:43:52', '超级管理员(super)', '2022-12-08 11:32:39', '0', '0', null);
INSERT INTO sys_router (id, code, url, parent_id, ids, name, sort, can_permission, is_locked, properties, remarks, create_by, create_date, update_by, update_date, del_flag, system_code, icon_id) VALUES ('3009', 'sys/action', 'action', '3004', '0.3004.3009.', '操作日志', '7106', '0', '0', '{"meta": {"requiresAuth": true}, "cssClass": "logs", "component": "RouterView", "nameFullPath": "系统管理/操作日志"}', '', '系统管理员(system)', '2019-12-05 15:59:02', '系统管理员(system)', '2020-09-08 15:01:16', '0', '0', null);
INSERT INTO sys_router (id, code, url, parent_id, ids, name, sort, can_permission, is_locked, properties, remarks, create_by, create_date, update_by, update_date, del_flag, system_code, icon_id) VALUES ('3010', '', '', '0', '0.3010.', '工作流', '96000000', '1', '0', '{"meta": {"requiresAuth": false}, "cssClass": "workFlow", "nameFullPath": "工作流"}', '', '系统管理员(system)', '2020-04-11 14:45:26', '超级管理员(super)', '2021-10-25 13:12:33', '0', '0', null);
INSERT INTO sys_router (id, code, url, parent_id, ids, name, sort, can_permission, is_locked, properties, remarks, create_by, create_date, update_by, update_date, del_flag, system_code, icon_id) VALUES ('3011', 'sys/dictType', 'dictType', '3004', '0.3004.3011.', '字典数据', '7505', '0', '0', '{"meta": {"requiresAuth": true}, "cssClass": "dataDictionary", "component": "RouterView", "nameFullPath": "系统管理/字典类型管理"}', '', '系统管理员', '2019-08-23 05:58:00', '系统管理员(system)', '2020-09-08 15:01:12', '0', '0', null);
INSERT INTO sys_router (id, code, url, parent_id, ids, name, sort, can_permission, is_locked, properties, remarks, create_by, create_date, update_by, update_date, del_flag, system_code, icon_id) VALUES ('3012', '', '', '842593143775241790', '0.842593143775241790.3012.', '个人工作台', '1010', '1', '0', '{"meta": {"requiresAuth": false}, "cssClass": "staging", "nameFullPath": "协同办公/个人工作台"}', '', '系统管理员(system)', '2020-05-09 14:43:31', '超级管理员(super)', '2022-03-04 17:16:34', '0', '0', null);
INSERT INTO sys_router (id, code, url, parent_id, ids, name, sort, can_permission, is_locked, properties, remarks, create_by, create_date, update_by, update_date, del_flag, system_code, icon_id) VALUES ('3013', 'workbench/mytask', 'mytask', '3012', '0.842593143775241790.3012.3013.', '我的待办', '1010', '1', '0', '{"meta": {"requiresAuth": true}, "cssClass": "todo", "component": "RouterView", "nameFullPath": "协同办公/个人工作台/我的待办"}', '', '系统管理员(system)', '2020-05-09 22:18:41', '超级管理员(super)', '2022-03-04 17:16:43', '0', '0', null);
INSERT INTO sys_router (id, code, url, parent_id, ids, name, sort, can_permission, is_locked, properties, remarks, create_by, create_date, update_by, update_date, del_flag, system_code, icon_id) VALUES ('3014', 'workbench/myapplied', 'myapplied', '3012', '0.842593143775241790.3012.3014.', '我的申请', '1040', '1', '0', '{"meta": {"requiresAuth": true}, "cssClass": "myApply", "component": "RouterView", "nameFullPath": "协同办公/个人工作台/我的申请"}', '', '系统管理员(system)', '2020-05-10 16:11:04', '超级管理员(super)', '2022-03-04 17:17:12', '0', '0', null);
INSERT INTO sys_router (id, code, url, parent_id, ids, name, sort, can_permission, is_locked, properties, remarks, create_by, create_date, update_by, update_date, del_flag, system_code, icon_id) VALUES ('3015', 'workbench/myapproved', 'myapproved', '3012', '0.842593143775241790.3012.3015.', '我已审批', '1050', '1', '0', '{"meta": {"requiresAuth": true}, "cssClass": "approve", "component": "RouterView", "nameFullPath": "协同办公/个人工作台/我已审批"}', '', '系统管理员(system)', '2020-05-09 14:50:15', '超级管理员(super)', '2022-03-04 17:17:23', '0', '0', null);
INSERT INTO sys_router (id, code, url, parent_id, ids, name, sort, can_permission, is_locked, properties, remarks, create_by, create_date, update_by, update_date, del_flag, system_code, icon_id) VALUES ('3016', 'workbench/myterminated', 'myterminated', '3012', '0.842593143775241790.3012.3016.', '我已终止', '1060', '1', '0', '{"meta": {"requiresAuth": true}, "cssClass": "terminate", "component": "RouterView", "nameFullPath": "协同办公/个人工作台/我已终止"}', '', '系统管理员(system)', '2020-05-10 16:15:07', '超级管理员(super)', '2022-03-04 17:17:32', '0', '0', null);
INSERT INTO sys_router (id, code, url, parent_id, ids, name, sort, can_permission, is_locked, properties, remarks, create_by, create_date, update_by, update_date, del_flag, system_code, icon_id) VALUES ('3017', 'wf/process', 'process', '3010', '0.3010.3017.', '发起流程', '9002', '1', '0', '{"meta": {"requiresAuth": true}, "cssClass": "launch", "component": "RouterView", "nameFullPath": "工作流/发起流程"}', '', '系统管理员(system)', '2020-04-11 15:37:10', '系统管理员(system)', '2020-09-08 15:02:40', '0', '0', null);
INSERT INTO sys_router (id, code, url, parent_id, ids, name, sort, can_permission, is_locked, properties, remarks, create_by, create_date, update_by, update_date, del_flag, system_code, icon_id) VALUES ('3018', 'wf/task', 'task', '3010', '0.3010.3018.', '任务处理', '9003', '1', '0', '{"meta": {"requiresAuth": true}, "cssClass": "tasks", "component": "RouterView", "nameFullPath": "工作流/任务处理"}', '', '系统管理员(system)', '2020-04-12 17:20:45', '系统管理员(system)', '2020-09-08 15:02:45', '0', '0', null);
INSERT INTO sys_router (id, code, url, parent_id, ids, name, sort, can_permission, is_locked, properties, remarks, create_by, create_date, update_by, update_date, del_flag, system_code, icon_id) VALUES ('3022', 'workbench/myprocess', 'myprocess', '3012', '0.842593143775241790.3012.3022.', '申请流程', '1020', '1', '0', '{"meta": {"requiresAuth": true}, "cssClass": "apply", "component": "RouterView", "nameFullPath": "协同办公/个人工作台/申请流程"}', '', '超级管理员(super)', '2020-12-02 14:30:23', '超级管理员(super)', '2022-03-04 17:16:51', '0', '0', null);
INSERT INTO sys_router (id, code, url, parent_id, ids, name, sort, can_permission, is_locked, properties, remarks, create_by, create_date, update_by, update_date, del_flag, system_code, icon_id) VALUES ('3023', 'wf/wfDraft', 'wfDraft', '3012', '0.842593143775241790.3012.3023.', '我的草稿', '1030', '1', '0', '{"meta": {"requiresAuth": true}, "cssClass": "draft", "component": "RouterView", "nameFullPath": "协同办公/个人工作台/我的草稿"}', '', '超级管理员(super)', '2021-04-25 14:09:32', '超级管理员(super)', '2022-03-04 17:16:59', '0', '0', null);
INSERT INTO sys_router (id, code, url, parent_id, ids, name, sort, can_permission, is_locked, properties, remarks, create_by, create_date, update_by, update_date, del_flag, system_code, icon_id) VALUES ('3024', 'sys/codeRule', 'codeRule', '3004', '0.3004.3024.', '系统编号规则', '70000', '0', '0', '{"meta": {"requiresAuth": true}, "cssClass": "codeNum", "component": "RouterView", "nameFullPath": "系统设置/基础设置/系统编号规则"}', '', '超级管理员(super)', '2021-05-17 12:13:55', '超级管理员(super)', '2022-02-11 11:09:04', '0', '0', null);
INSERT INTO sys_router (id, code, url, parent_id, ids, name, sort, can_permission, is_locked, properties, remarks, create_by, create_date, update_by, update_date, del_flag, system_code, icon_id) VALUES ('3025', 'sys/companyCodeRule', 'companyCodeRule', '842593143775241820', '0.842593143775241813.842593143775241820.3025.', '公司编号规则', '1010', '1', '0', '{"meta": {"requiresAuth": true}, "cssClass": "codeNum", "component": "RouterView", "nameFullPath": "系统设置/基础设置/公司编号规则"}', '', '超级管理员(super)', '2021-05-17 16:05:14', '超级管理员(super)', '2022-02-11 11:08:49', '0', '0', null);
INSERT INTO sys_router (id, code, url, parent_id, ids, name, sort, can_permission, is_locked, properties, remarks, create_by, create_date, update_by, update_date, del_flag, system_code, icon_id) VALUES ('3026', 'sys/theme', 'theme', '3004', '0.3004.3026.', '系统主题', '90000', '0', '0', '{"meta": {"requiresAuth": true}, "cssClass": "theme", "component": "RouterView", "nameFullPath": "系统管理/系统主题"}', '', '超级管理员(super)', '2021-07-16 14:29:31', '超级管理员(super)', '2021-07-16 14:29:31', '0', '0', null);
INSERT INTO sys_router (id, code, url, parent_id, ids, name, sort, can_permission, is_locked, properties, remarks, create_by, create_date, update_by, update_date, del_flag, system_code, icon_id) VALUES ('41105517082353664', 'org/company', 'company', '70679339033575427', '0.842593143775241813.70679339033575427.41105517082353664.', '公司管理', '1010', '1', '0', '{"meta": {"requiresAuth": true}, "cssClass": "company", "component": "RouterView", "nameFullPath": "系统设置/企业管理/公司管理"}', '', '系统管理员(system)', '2020-08-19 16:38:33', '超级管理员(super)', '2022-02-10 18:30:24', '0', '0', null);
INSERT INTO sys_router (id, code, url, parent_id, ids, name, sort, can_permission, is_locked, properties, remarks, create_by, create_date, update_by, update_date, del_flag, system_code, icon_id) VALUES ('52959231682854912', 'org/department', 'department', '70679339033575427', '0.842593143775241813.70679339033575427.52959231682854912.', '部门管理', '1020', '1', '0', '{"meta": {"requiresAuth": true}, "cssClass": "department", "component": "RouterView", "nameFullPath": "系统设置/企业管理/部门管理"}', '', '系统管理员(system)', '2020-08-27 16:17:56', '超级管理员(super)', '2022-02-10 18:30:51', '0', '0', null);
INSERT INTO sys_router (id, code, url, parent_id, ids, name, sort, can_permission, is_locked, properties, remarks, create_by, create_date, update_by, update_date, del_flag, system_code, icon_id) VALUES ('70679339033575427', '', '', '842593143775241813', '0.842593143775241813.70679339033575427.', '企业管理', '1010', '1', '0', '{"meta": {"requiresAuth": true}, "cssClass": "orgStructure", "nameFullPath": "系统设置/企业管理"}', '', '系统管理员(system)', '2020-09-08 14:57:11', '超级管理员(super)', '2022-02-10 18:29:44', '0', '0', null);
INSERT INTO sys_router (id, code, url, parent_id, ids, name, sort, can_permission, is_locked, properties, remarks, create_by, create_date, update_by, update_date, del_flag, system_code, icon_id) VALUES ('552789263395020803', 'homepage/components/oftenApp.vue', '02', '570619064204943406', '0.570619064204943406.552789263395020803.', '常用应用', '20000', '1', '0', '{"meta": {"requiresAuth": true}, "cssClass": "el-icon-menu", "component": "RouterView", "nameFullPath": "首页/常用应用"}', '', '超级管理员(super)', '2021-08-11 10:38:48', '超级管理员(super)', '2022-03-01 11:36:05', '0', '0', null);
INSERT INTO sys_router (id, code, url, parent_id, ids, name, sort, can_permission, is_locked, properties, remarks, create_by, create_date, update_by, update_date, del_flag, system_code, icon_id) VALUES ('552789263395020805', 'homepage/components/todayWork.vue', '04', '570619064204943406', '0.570619064204943406.552789263395020805.', '我的日程', '40000', '1', '0', '{"meta": {"requiresAuth": true}, "cssClass": "el-icon-menu", "component": "RouterView", "nameFullPath": "首页/我的日程"}', '', '超级管理员(super)', '2021-08-11 10:39:25', '超级管理员(super)', '2022-03-01 10:31:52', '0', '0', null);
INSERT INTO sys_router (id, code, url, parent_id, ids, name, sort, can_permission, is_locked, properties, remarks, create_by, create_date, update_by, update_date, del_flag, system_code, icon_id) VALUES ('552789263395020915', '01', '01', '570619064204943406', '0.570619064204943406.552789263395020915.', '个人信息', '3', '1', '1', '{"meta": {"requiresAuth": true}, "cssClass": "el-icon-menu", "component": "RouterView", "nameFullPath": "首页/个人信息"}', '', '超级管理员(super)', '2021-08-11 10:38:24', '超级管理员(super)', '2022-01-28 16:31:32', '0', '0', null);
INSERT INTO sys_router (id, code, url, parent_id, ids, name, sort, can_permission, is_locked, properties, remarks, create_by, create_date, update_by, update_date, del_flag, system_code, icon_id) VALUES ('557507851905990691', 'homepage/components/workBench/index.vue', '03', '570619064204943406', '0.570619064204943406.557507851905990691.', '常用流程', '30000', '1', '0', '{"meta": {"requiresAuth": true}, "cssClass": "el-icon-menu", "component": "RouterView", "nameFullPath": "首页/常用流程"}', '', '超级管理员(super)', '2021-08-11 10:39:04', '超级管理员(super)', '2022-03-01 11:36:59', '0', '0', null);
INSERT INTO sys_router (id, code, url, parent_id, ids, name, sort, can_permission, is_locked, properties, remarks, create_by, create_date, update_by, update_date, del_flag, system_code, icon_id) VALUES ('570619064204943406', 'homepage/homepage', 'homepage', '0', '0.570619064204943406.', '首页', '1', '1', '0', '{"meta": {"requiresAuth": true}, "cssClass": "home", "component": "RouterView", "nameFullPath": "首页"}', '', '超级管理员(super)', '2021-08-11 10:37:30', '超级管理员(super)', '2023-03-09 15:02:15', '0', '0', null);
INSERT INTO sys_router (id, code, url, parent_id, ids, name, sort, can_permission, is_locked, properties, remarks, create_by, create_date, update_by, update_date, del_flag, system_code, icon_id) VALUES ('621406296569446436', '', '', '842593143775241790', '0.842593143775241790.621406296569446436.', '消息通知', '1020', '1', '0', '{"meta": {"requiresAuth": true}, "cssClass": "message", "component": "RouterView", "nameFullPath": "协同办公/消息通知"}', '', '超级管理员(super)', '2021-09-14 15:44:12', '超级管理员(super)', '2022-03-04 17:16:14', '0', '0', null);
INSERT INTO sys_router (id, code, url, parent_id, ids, name, sort, can_permission, is_locked, properties, remarks, create_by, create_date, update_by, update_date, del_flag, system_code, icon_id) VALUES ('683902640570327041', 'schedule/scheduleJob', 'scheduleJob', '3004', '0.3004.683902640570327041.', '定时任务', '100000', '0', '0', '{"meta": {"requiresAuth": true}, "cssClass": "time", "component": "RouterView", "nameFullPath": "系统管理/定时任务"}', '', '超级管理员(super)', '2021-10-26 17:56:03', '超级管理员(super)', '2023-01-03 12:31:55', '0', '0', null);
INSERT INTO sys_router (id, code, url, parent_id, ids, name, sort, can_permission, is_locked, properties, remarks, create_by, create_date, update_by, update_date, del_flag, system_code, icon_id) VALUES ('723822523350949890', 'notice/noticeSend', 'notice', '621406296569446436', '0.842593143775241790.621406296569446436.723822523350949890.', '消息发送', '1010', '1', '0', '{"meta": {"requiresAuth": true}, "cssClass": "msgRecord", "component": "RouterView", "nameFullPath": "协同办公/消息通知/消息发送"}', '', '超级管理员(super)', '2021-11-22 15:27:54', '超级管理员(super)', '2022-12-13 11:24:09', '0', '0', null);
INSERT INTO sys_router (id, code, url, parent_id, ids, name, sort, can_permission, is_locked, properties, remarks, create_by, create_date, update_by, update_date, del_flag, system_code, icon_id) VALUES ('739834212972757166', '', '', '0', '0.739834212972757166.', '报表管理', '1080', '1', '0', '{"meta": {"requiresAuth": true}, "cssClass": "staging", "component": "RouterView", "nameFullPath": "报表管理"}', '', '超级管理员(super)', '2021-12-03 14:48:32', '超级管理员(super)', '2022-02-10 18:34:40', '0', '0', null);
INSERT INTO sys_router (id, code, url, parent_id, ids, name, sort, can_permission, is_locked, properties, remarks, create_by, create_date, update_by, update_date, del_flag, system_code, icon_id) VALUES ('739834212972757168', 'report/reportDesign', 'reportDesign', '739834212972757166', '0.739834212972757166.739834212972757168.', '设计', '10000', '1', '0', '{"meta": {"requiresAuth": true}, "cssClass": "design", "component": "RouterView", "nameFullPath": "报表管理/设计"}', '', '超级管理员(super)', '2021-12-03 14:57:03', '超级管理员(super)', '2021-12-04 17:20:33', '0', '0', null);
INSERT INTO sys_router (id, code, url, parent_id, ids, name, sort, can_permission, is_locked, properties, remarks, create_by, create_date, update_by, update_date, del_flag, system_code, icon_id) VALUES ('739834212972757181', 'report/reportView', 'reportView', '739834212972757166', '0.739834212972757166.739834212972757181.', '浏览', '20000', '1', '0', '{"meta": {"requiresAuth": true}, "cssClass": "staging", "component": "RouterView", "nameFullPath": "报表管理/浏览"}', '', '超级管理员(super)', '2021-12-03 15:00:09', '超级管理员(super)', '2021-12-03 15:14:21', '0', '0', null);
INSERT INTO sys_router (id, code, url, parent_id, ids, name, sort, can_permission, is_locked, properties, remarks, create_by, create_date, update_by, update_date, del_flag, system_code, icon_id) VALUES ('759165723333517543', 'homepage/components/oftenReport.vue', '07', '570619064204943406', '0.570619064204943406.759165723333517543.', '常用报表', '70000', '1', '0', '{"meta": {"requiresAuth": true}, "cssClass": "el-icon-menu", "component": "RouterView", "nameFullPath": "主页/常用报表"}', '', '超级管理员(super)', '2021-12-16 16:17:00', '超级管理员(super)', '2022-03-01 11:37:29', '0', '0', null);
INSERT INTO sys_router (id, code, url, parent_id, ids, name, sort, can_permission, is_locked, properties, remarks, create_by, create_date, update_by, update_date, del_flag, system_code, icon_id) VALUES ('842593143775241790', '', '', '0', '0.842593143775241790.', '协同办公', '1001', '1', '0', '{"meta": {"requiresAuth": true}, "cssClass": "rent", "nameFullPath": "协同办公"}', '', '超级管理员(super)', '2022-02-10 18:22:20', '超级管理员(super)', '2022-12-15 18:02:48', '0', '0', null);
INSERT INTO sys_router (id, code, url, parent_id, ids, name, sort, can_permission, is_locked, properties, remarks, create_by, create_date, update_by, update_date, del_flag, system_code, icon_id) VALUES ('842593143775241813', '', '', '0', '0.842593143775241813.', '系统设置', '1070', '1', '0', '{"meta": {"requiresAuth": true}, "cssClass": "rent", "nameFullPath": "系统设置"}', '', '超级管理员(super)', '2022-02-10 18:29:09', '超级管理员(super)', '2022-02-10 18:29:09', '0', '0', null);
INSERT INTO sys_router (id, code, url, parent_id, ids, name, sort, can_permission, is_locked, properties, remarks, create_by, create_date, update_by, update_date, del_flag, system_code, icon_id) VALUES ('842593143775241820', '', '', '842593143775241813', '0.842593143775241813.842593143775241820.', '基础设置', '1020', '1', '0', '{"meta": {"requiresAuth": true}, "cssClass": "orgStructure", "nameFullPath": "系统设置/基础设置"}', '', '超级管理员(super)', '2022-02-10 18:33:21', '超级管理员(super)', '2022-02-10 18:33:21', '0', '0', null);
INSERT INTO sys_router (id, code, url, parent_id, ids, name, sort, can_permission, is_locked, properties, remarks, create_by, create_date, update_by, update_date, del_flag, system_code, icon_id) VALUES ('879380741260567087', 'homepage/components/Person.vue', '023', '570619064204943406', '0.570619064204943406.879380741260567087.', '个人信息', '50000', '1', '0', '{"meta": {"requiresAuth": true}, "cssClass": "el-icon-menu", "component": "RouterView", "nameFullPath": "首页/个人信息"}', '', '超级管理员(super)', '2022-03-07 11:09:12', '超级管理员(super)', '2022-03-07 11:09:12', '0', '0', null);
INSERT INTO sys_router (id, code, url, parent_id, ids, name, sort, can_permission, is_locked, properties, remarks, create_by, create_date, update_by, update_date, del_flag, system_code, icon_id) VALUES ('1369625385203523786', '', '', '0', '0.1369625385203523786.', '工作流demo', '130000', '1', '0', '{"meta": {"requiresAuth": true}, "cssClass": "staging", "component": "RouterView", "nameFullPath": "工作流demo"}', '', '超级管理员(super)', '2023-01-31 17:27:25', '超级管理员(super)', '2023-03-22 15:08:46', '0', '0', null);
INSERT INTO sys_router (id, code, url, parent_id, ids, name, sort, can_permission, is_locked, properties, remarks, create_by, create_date, update_by, update_date, del_flag, system_code, icon_id) VALUES ('1369625385203523789', 'test/leave', 'leave', '1369625385203523786', '0.1369625385203523786.1369625385203523789.', '请假管理', '30000', '1', '0', '{"meta": {"requiresAuth": true}, "cssClass": "design", "component": "RouterView", "nameFullPath": "测试demo/请假管理"}', '', '超级管理员(super)', '2023-01-31 17:28:24', '超级管理员(super)', '2023-01-31 17:28:24', '0', '0', null);
INSERT INTO sys_router (id, code, url, parent_id, ids, name, sort, can_permission, is_locked, properties, remarks, create_by, create_date, update_by, update_date, del_flag, system_code, icon_id) VALUES ('1378415963488714809', 'test/expense', 'expense', '1369625385203523786', '0.1369625385203523786.1378415963488714809.', '报销管理', '30000', '1', '0', '{"meta": {"requiresAuth": true}, "cssClass": "design", "component": "RouterView", "nameFullPath": "测试demo/报销管理"}', '', '超级管理员(super)', '2023-02-06 16:34:09', '超级管理员(super)', '2023-02-09 16:40:43', '0', '0', null);
INSERT INTO sys_router (id, code, url, parent_id, ids, name, sort, can_permission, is_locked, properties, remarks, create_by, create_date, update_by, update_date, del_flag, system_code, icon_id) VALUES ('1434767085467328521', 'ten/tenant', 'tenant', '70679339033575427', '0.842593143775241813.70679339033575427.1434767085467328521.', '租户管理', '1050', '1', '0', '{"meta": {"requiresAuth": true}, "cssClass": "users", "component": "RouterView", "nameFullPath": "系统设置/企业管理/租户管理"}', '', '超级管理员(super)', '2023-03-16 14:31:43', '超级管理员(super)', '2023-03-16 15:10:55', '0', '0', '1434767085467328520');


-- 资源
INSERT INTO sys_resource (id, name, code, url, permission, can_permission, is_default, is_locked, router_id, remarks, create_by, create_date, update_by, update_date, del_flag, properties) VALUES ('9000', '查询数据字典', 'dictType', '/dictType', 'dictType:list', '1', '0', '0', '3011', '', '系统管理员(system)', '2020-03-25 15:41:02', '系统管理员(system)', '2020-03-25 15:41:02', '0', '');
INSERT INTO sys_resource (id, name, code, url, permission, can_permission, is_default, is_locked, router_id, remarks, create_by, create_date, update_by, update_date, del_flag, properties) VALUES ('9001', '删除用户', 'user', '/user', 'user:delete', '1', '0', '0', '3000', '', '系统管理员', '2019-07-23 09:03:44', '系统管理员', '2019-07-23 09:03:44', '0', '');
INSERT INTO sys_resource (id, name, code, url, permission, can_permission, is_default, is_locked, router_id, remarks, create_by, create_date, update_by, update_date, del_flag, properties) VALUES ('9002', '导出角色', 'role', '/role', 'role:export', '1', '0', '0', '3001', '', '系统管理员', '2019-07-23 07:30:56', '系统管理员', '2019-07-23 07:30:56', '0', '');
INSERT INTO sys_resource (id, name, code, url, permission, can_permission, is_default, is_locked, router_id, remarks, create_by, create_date, update_by, update_date, del_flag, properties) VALUES ('9003', '删除数据字典', 'dictType', '/dictType', 'dictType:delete', '1', '0', '0', '3011', '', '系统管理员', '2019-08-23 06:00:44', '系统管理员', '2019-08-23 06:20:34', '0', '');
INSERT INTO sys_resource (id, name, code, url, permission, can_permission, is_default, is_locked, router_id, remarks, create_by, create_date, update_by, update_date, del_flag, properties) VALUES ('9004', '还原', 'action', '/action', 'action:restore', '1', '0', '0', '3009', '', '系统管理员(system)', '2019-12-12 14:46:02', '系统管理员(system)', '2019-12-12 14:49:56', '0', '');
INSERT INTO sys_resource (id, name, code, url, permission, can_permission, is_default, is_locked, router_id, remarks, create_by, create_date, update_by, update_date, del_flag, properties) VALUES ('9005', '修改资源', 'resource', '/resource', 'resource:update', '0', '0', '0', '3003', '', '系统管理员', '2019-07-19 14:54:12', '超级管理员(super)', '2022-12-20 16:08:05', '0', '');
INSERT INTO sys_resource (id, name, code, url, permission, can_permission, is_default, is_locked, router_id, remarks, create_by, create_date, update_by, update_date, del_flag, properties) VALUES ('9006', '查询用户', 'user', '/user', 'user:list', '1', '0', '0', '3000', '', '系统管理员(system)', '2020-03-25 15:40:23', '系统管理员(system)', '2020-03-25 15:40:23', '0', '');
INSERT INTO sys_resource (id, name, code, url, permission, can_permission, is_default, is_locked, router_id, remarks, create_by, create_date, update_by, update_date, del_flag, properties) VALUES ('9009', '查看流程', 'designer', '/designer', 'designer:read', '1', '0', '0', '3005', '', '系统管理员(system)', '2020-04-11 14:47:59', '系统管理员(system)', '2020-04-11 14:47:59', '0', '');
INSERT INTO sys_resource (id, name, code, url, permission, can_permission, is_default, is_locked, router_id, remarks, create_by, create_date, update_by, update_date, del_flag, properties) VALUES ('9010', '添加用户', 'user', '/user', 'user:create', '1', '0', '0', '3000', '', '系统管理员', '2019-07-23 09:03:25', '系统管理员', '2019-07-23 09:03:25', '0', '');
INSERT INTO sys_resource (id, name, code, url, permission, can_permission, is_default, is_locked, router_id, remarks, create_by, create_date, update_by, update_date, del_flag, properties) VALUES ('9011', '添加流程', 'designer', '/designer', 'designer:create', '1', '0', '0', '3005', '', '系统管理员(system)', '2020-04-11 14:49:15', '系统管理员(system)', '2020-04-11 14:49:45', '0', '');
INSERT INTO sys_resource (id, name, code, url, permission, can_permission, is_default, is_locked, router_id, remarks, create_by, create_date, update_by, update_date, del_flag, properties) VALUES ('9012', '查看日志', 'action', '/action', 'action:read', '1', '0', '0', '3009', '', '系统管理员(system)', '2019-12-05 16:02:02', '系统管理员(system)', '2019-12-05 16:02:02', '0', '');
INSERT INTO sys_resource (id, name, code, url, permission, can_permission, is_default, is_locked, router_id, remarks, create_by, create_date, update_by, update_date, del_flag, properties) VALUES ('9014', '添加角色', 'role', '/role', 'role:create', '1', '0', '0', '3001', '', '系统管理员', '2019-07-23 07:29:26', '系统管理员', '2019-07-23 07:29:26', '0', '');
INSERT INTO sys_resource (id, name, code, url, permission, can_permission, is_default, is_locked, router_id, remarks, create_by, create_date, update_by, update_date, del_flag, properties) VALUES ('9015', '删除角色', 'role', '/role', 'role:delete', '1', '0', '0', '3001', '', '系统管理员', '2019-07-23 07:30:13', '系统管理员', '2019-07-23 07:34:28', '0', '');
INSERT INTO sys_resource (id, name, code, url, permission, can_permission, is_default, is_locked, router_id, remarks, create_by, create_date, update_by, update_date, del_flag, properties) VALUES ('9016', '修改数据字典', 'dictType', '/dictType', 'dictType:update', '1', '0', '0', '3011', '', '系统管理员', '2019-08-23 06:00:19', '系统管理员', '2019-08-23 06:20:43', '0', '');
INSERT INTO sys_resource (id, name, code, url, permission, can_permission, is_default, is_locked, router_id, remarks, create_by, create_date, update_by, update_date, del_flag, properties) VALUES ('9018', '导出资源', 'resource', '/resource', 'resource:export', '1', '0', '0', '3003', '', '系统管理员', '2019-07-19 14:54:12', '超级管理员(super)', '2022-12-20 16:10:54', '0', '');
INSERT INTO sys_resource (id, name, code, url, permission, can_permission, is_default, is_locked, router_id, remarks, create_by, create_date, update_by, update_date, del_flag, properties) VALUES ('9019', '添加数据字典', 'dictType', '/dictType', 'dictType:create', '1', '0', '0', '3011', '', '系统管理员', '2019-08-23 05:59:10', '系统管理员', '2019-08-23 06:20:50', '0', '');
INSERT INTO sys_resource (id, name, code, url, permission, can_permission, is_default, is_locked, router_id, remarks, create_by, create_date, update_by, update_date, del_flag, properties) VALUES ('9020', '导出路由', 'router', '/router', 'router:export', '1', '0', '0', '3007', '', '系统管理员', '2019-07-19 14:54:12', '系统管理员', '2019-07-19 14:54:12', '0', '');
INSERT INTO sys_resource (id, name, code, url, permission, can_permission, is_default, is_locked, router_id, remarks, create_by, create_date, update_by, update_date, del_flag, properties) VALUES ('9021', '添加路由', 'router', '/router', 'router:create', '1', '0', '0', '3007', '', '系统管理员', '2019-07-19 14:54:12', '系统管理员', '2019-07-19 14:54:12', '0', '');
INSERT INTO sys_resource (id, name, code, url, permission, can_permission, is_default, is_locked, router_id, remarks, create_by, create_date, update_by, update_date, del_flag, properties) VALUES ('9022', '查询日志', 'action', '/action', 'action:list', '1', '0', '0', '3009', '', '系统管理员(system)', '2020-03-25 15:41:46', '系统管理员(system)', '2020-03-25 15:41:46', '0', '');
INSERT INTO sys_resource (id, name, code, url, permission, can_permission, is_default, is_locked, router_id, remarks, create_by, create_date, update_by, update_date, del_flag, properties) VALUES ('9023', '查询角色', 'role', '/role', 'role:list', '1', '0', '0', '3001', '', '系统管理员(system)', '2020-03-25 15:39:35', '超级管理员(super)', '2023-01-05 20:16:06', '0', '');
INSERT INTO sys_resource (id, name, code, url, permission, can_permission, is_default, is_locked, router_id, remarks, create_by, create_date, update_by, update_date, del_flag, properties) VALUES ('9024', '导出数据字典', 'dictType', '/dictType', 'dictType:export', '1', '0', '0', '3011', '', '系统管理员', '2019-08-23 06:01:29', '系统管理员', '2019-08-23 06:20:11', '0', '');
INSERT INTO sys_resource (id, name, code, url, permission, can_permission, is_default, is_locked, router_id, remarks, create_by, create_date, update_by, update_date, del_flag, properties) VALUES ('9025', '导出流程', 'designer', '/designer', 'designer:export', '1', '0', '0', '3005', '', '系统管理员(system)', '2020-04-11 14:48:36', '系统管理员(system)', '2020-04-11 14:48:36', '0', '');
INSERT INTO sys_resource (id, name, code, url, permission, can_permission, is_default, is_locked, router_id, remarks, create_by, create_date, update_by, update_date, del_flag, properties) VALUES ('9026', '查看角色', 'role', '/role', 'role:read', '1', '0', '0', '3001', '', '系统管理员', '2019-07-23 07:30:36', '系统管理员', '2019-07-23 07:30:36', '0', '');
INSERT INTO sys_resource (id, name, code, url, permission, can_permission, is_default, is_locked, router_id, remarks, create_by, create_date, update_by, update_date, del_flag, properties) VALUES ('9027', '修改路由', 'router', '/router', 'router:update', '1', '0', '0', '3007', '', '系统管理员', '2019-07-19 14:54:12', '系统管理员', '2019-07-19 14:54:12', '0', '');
INSERT INTO sys_resource (id, name, code, url, permission, can_permission, is_default, is_locked, router_id, remarks, create_by, create_date, update_by, update_date, del_flag, properties) VALUES ('9029', '删除资源', 'resource', '/resource', 'resource:delete', '0', '0', '0', '3003', '', '系统管理员', '2019-07-19 07:18:09', '超级管理员(super)', '2022-12-20 16:08:15', '0', '');
INSERT INTO sys_resource (id, name, code, url, permission, can_permission, is_default, is_locked, router_id, remarks, create_by, create_date, update_by, update_date, del_flag, properties) VALUES ('9031', '查看用户', 'user', '/user', 'user:read', '1', '0', '0', '3000', '', '系统管理员', '2019-07-23 09:04:43', '系统管理员', '2019-07-23 09:04:43', '0', '');
INSERT INTO sys_resource (id, name, code, url, permission, can_permission, is_default, is_locked, router_id, remarks, create_by, create_date, update_by, update_date, del_flag, properties) VALUES ('9034', '修改角色', 'role', '/role', 'role:update', '1', '0', '0', '3001', '', '系统管理员', '2019-07-23 07:29:48', '系统管理员', '2019-07-23 07:29:48', '0', '');
INSERT INTO sys_resource (id, name, code, url, permission, can_permission, is_default, is_locked, router_id, remarks, create_by, create_date, update_by, update_date, del_flag, properties) VALUES ('9036', '查看路由', 'router', '/router', 'router:read', '1', '0', '0', '3007', '', '系统管理员', '2019-07-19 14:54:12', '超级管理员(super)', '2022-12-08 13:35:23', '0', '');
INSERT INTO sys_resource (id, name, code, url, permission, can_permission, is_default, is_locked, router_id, remarks, create_by, create_date, update_by, update_date, del_flag, properties) VALUES ('9037', '创建资源', 'resource', '/resource', 'resource:create', '0', '0', '0', '3003', '', '系统管理员', '2019-07-19 14:54:12', '超级管理员(super)', '2022-12-20 16:08:12', '0', '');
INSERT INTO sys_resource (id, name, code, url, permission, can_permission, is_default, is_locked, router_id, remarks, create_by, create_date, update_by, update_date, del_flag, properties) VALUES ('9039', '查询路由', 'router', '/router', 'router:list', '1', '0', '0', '3007', '', '系统管理员(system)', '2020-03-25 15:38:35', '系统管理员(system)', '2020-03-25 15:38:35', '0', '');
INSERT INTO sys_resource (id, name, code, url, permission, can_permission, is_default, is_locked, router_id, remarks, create_by, create_date, update_by, update_date, del_flag, properties) VALUES ('9040', '隐藏日志', 'action', '/action', 'action:delete', '0', '0', '1', '3009', '', '系统管理员(system)', '2019-12-12 14:48:25', '超级管理员(super)', '2022-12-22 14:29:33', '0', '');
INSERT INTO sys_resource (id, name, code, url, permission, can_permission, is_default, is_locked, router_id, remarks, create_by, create_date, update_by, update_date, del_flag, properties) VALUES ('9042', '删除路由', 'router', '/router', 'router:delete', '1', '0', '0', '3007', '', '系统管理员', '2019-07-19 14:54:12', '系统管理员', '2019-07-19 14:54:12', '0', '');
INSERT INTO sys_resource (id, name, code, url, permission, can_permission, is_default, is_locked, router_id, remarks, create_by, create_date, update_by, update_date, del_flag, properties) VALUES ('9043', '导出日志', 'action', '/action', 'action:export', '1', '0', '0', '3009', '', '系统管理员(system)', '2019-12-05 16:02:49', '系统管理员(system)', '2019-12-05 16:02:49', '0', '');
INSERT INTO sys_resource (id, name, code, url, permission, can_permission, is_default, is_locked, router_id, remarks, create_by, create_date, update_by, update_date, del_flag, properties) VALUES ('9044', '查询资源', 'resource', '/resource', 'resource:list', '1', '0', '0', '3003', '', '系统管理员(system)', '2020-03-25 15:39:08', '超级管理员(super)', '2022-12-20 16:11:02', '0', '');
INSERT INTO sys_resource (id, name, code, url, permission, can_permission, is_default, is_locked, router_id, remarks, create_by, create_date, update_by, update_date, del_flag, properties) VALUES ('9046', '查询流程', 'designer', '/designer', 'designer:list', '1', '0', '0', '3005', '', '系统管理员(system)', '2020-04-11 14:47:34', '系统管理员(system)', '2020-04-11 14:47:34', '0', '');
INSERT INTO sys_resource (id, name, code, url, permission, can_permission, is_default, is_locked, router_id, remarks, create_by, create_date, update_by, update_date, del_flag, properties) VALUES ('9047', '查看数据字典', 'dictType', '/dictType', 'dictType:read', '1', '0', '0', '3011', '', '系统管理员', '2019-08-23 06:01:14', '系统管理员(system)', '2020-03-25 15:40:45', '0', '');
INSERT INTO sys_resource (id, name, code, url, permission, can_permission, is_default, is_locked, router_id, remarks, create_by, create_date, update_by, update_date, del_flag, properties) VALUES ('9048', '查看资源', 'resource', '/resource', 'resource:read', '1', '0', '0', '3003', '', '系统管理员', '2019-07-19 14:54:12', '超级管理员(super)', '2022-12-20 16:10:59', '0', '');
INSERT INTO sys_resource (id, name, code, url, permission, can_permission, is_default, is_locked, router_id, remarks, create_by, create_date, update_by, update_date, del_flag, properties) VALUES ('9049', '导出用户', 'user', '/user', 'user:export', '1', '0', '0', '3000', '', '系统管理员', '2019-07-23 09:05:02', '系统管理员', '2019-07-23 09:05:02', '0', '');
INSERT INTO sys_resource (id, name, code, url, permission, can_permission, is_default, is_locked, router_id, remarks, create_by, create_date, update_by, update_date, del_flag, properties) VALUES ('9050', '修改流程', 'designer', '/designer', 'designer:update', '1', '0', '0', '3005', '', '系统管理员(system)', '2020-04-11 14:51:20', '系统管理员(system)', '2020-04-11 14:51:20', '0', '');
INSERT INTO sys_resource (id, name, code, url, permission, can_permission, is_default, is_locked, router_id, remarks, create_by, create_date, update_by, update_date, del_flag, properties) VALUES ('9051', '挂起流程', 'designer', '/designer', 'designer:suspend', '1', '0', '0', '3005', '', '系统管理员(system)', '2020-04-11 14:51:59', '系统管理员(system)', '2020-04-11 14:51:59', '0', '');
INSERT INTO sys_resource (id, name, code, url, permission, can_permission, is_default, is_locked, router_id, remarks, create_by, create_date, update_by, update_date, del_flag, properties) VALUES ('9052', '修改用户', 'user', '/user', 'user:update', '1', '0', '0', '3000', '', '系统管理员', '2019-07-23 09:04:04', '系统管理员', '2019-07-23 09:04:04', '0', '');
INSERT INTO sys_resource (id, name, code, url, permission, can_permission, is_default, is_locked, router_id, remarks, create_by, create_date, update_by, update_date, del_flag, properties) VALUES ('9053', '查询我已审批任务', 'myapproved', '/myapproved', 'myapproved:list', '1', '0', '0', '3015', '', '系统管理员(system)', '2020-05-09 14:54:44', '系统管理员(system)', '2020-05-10 16:13:31', '0', '');
INSERT INTO sys_resource (id, name, code, url, permission, can_permission, is_default, is_locked, router_id, remarks, create_by, create_date, update_by, update_date, del_flag, properties) VALUES ('9054', '导出我已审批任务', 'myapproved', '/myapproved', 'myapproved:export', '1', '0', '0', '3015', '', '系统管理员(system)', '2020-05-09 22:20:32', '系统管理员(system)', '2020-05-10 16:13:16', '0', '');
INSERT INTO sys_resource (id, name, code, url, permission, can_permission, is_default, is_locked, router_id, remarks, create_by, create_date, update_by, update_date, del_flag, properties) VALUES ('9055', '查看我已审批任务', 'myapproved', '/myapproved', 'myapproved:read', '1', '0', '0', '3015', '', '系统管理员(system)', '2020-05-09 16:01:17', '系统管理员(system)', '2020-05-10 16:13:22', '0', '');
INSERT INTO sys_resource (id, name, code, url, permission, can_permission, is_default, is_locked, router_id, remarks, create_by, create_date, update_by, update_date, del_flag, properties) VALUES ('9062', '导出我的申请任务', 'myapplied', '/myapplied', 'myapplied:export', '1', '0', '0', '3014', '', '系统管理员(system)', '2020-05-10 16:12:48', '系统管理员(system)', '2020-05-10 16:12:48', '0', '');
INSERT INTO sys_resource (id, name, code, url, permission, can_permission, is_default, is_locked, router_id, remarks, create_by, create_date, update_by, update_date, del_flag, properties) VALUES ('9063', '查询我的申请任务', 'myapplied', '/myapplied', 'myapplied:list', '1', '0', '0', '3014', '', '系统管理员(system)', '2020-05-10 16:12:20', '系统管理员(system)', '2020-05-10 16:12:20', '0', '');
INSERT INTO sys_resource (id, name, code, url, permission, can_permission, is_default, is_locked, router_id, remarks, create_by, create_date, update_by, update_date, del_flag, properties) VALUES ('9064', '查看我的申请任务', 'myapplied', '/myapplied', 'myapplied:read', '1', '0', '0', '3014', '', '系统管理员(system)', '2020-05-10 16:12:34', '系统管理员(system)', '2020-05-10 16:12:34', '0', '');
INSERT INTO sys_resource (id, name, code, url, permission, can_permission, is_default, is_locked, router_id, remarks, create_by, create_date, update_by, update_date, del_flag, properties) VALUES ('9065', '发起流程', 'process', '/process', 'process:start', '1', '0', '0', '3017', '', '系统管理员(system)', '2020-04-11 15:38:28', '系统管理员(system)', '2020-04-11 15:38:28', '0', '');
INSERT INTO sys_resource (id, name, code, url, permission, can_permission, is_default, is_locked, router_id, remarks, create_by, create_date, update_by, update_date, del_flag, properties) VALUES ('9066', '查看流程图', 'process', '/process', 'process:view', '1', '0', '0', '3017', '', '系统管理员(system)', '2020-04-11 15:49:31', '系统管理员(system)', '2020-04-11 15:49:31', '0', '');
INSERT INTO sys_resource (id, name, code, url, permission, can_permission, is_default, is_locked, router_id, remarks, create_by, create_date, update_by, update_date, del_flag, properties) VALUES ('9067', '查询我已终止任务', 'myterminated', '/myterminated', 'myterminated:list', '1', '0', '0', '3016', '', '系统管理员(system)', '2020-05-10 16:15:56', '系统管理员(system)', '2020-05-10 16:15:56', '0', '');
INSERT INTO sys_resource (id, name, code, url, permission, can_permission, is_default, is_locked, router_id, remarks, create_by, create_date, update_by, update_date, del_flag, properties) VALUES ('9068', '导出我已终止任务', 'myterminated', '/myterminated', 'myterminated:export', '1', '0', '0', '3016', '', '系统管理员(system)', '2020-05-10 16:16:26', '系统管理员(system)', '2020-05-10 16:16:26', '0', '');
INSERT INTO sys_resource (id, name, code, url, permission, can_permission, is_default, is_locked, router_id, remarks, create_by, create_date, update_by, update_date, del_flag, properties) VALUES ('9069', '查看我已终止任务', 'myterminated', '/myterminated', 'myterminated:read', '1', '0', '0', '3016', '', '系统管理员(system)', '2020-05-10 16:16:11', '系统管理员(system)', '2020-05-10 16:16:11', '0', '');
INSERT INTO sys_resource (id, name, code, url, permission, can_permission, is_default, is_locked, router_id, remarks, create_by, create_date, update_by, update_date, del_flag, properties) VALUES ('9070', '审批任务', 'task', '/task', 'task:approve', '1', '0', '0', '3018', '', '系统管理员(system)', '2020-04-12 17:22:52', '系统管理员(system)', '2020-04-12 17:22:52', '0', '');
INSERT INTO sys_resource (id, name, code, url, permission, can_permission, is_default, is_locked, router_id, remarks, create_by, create_date, update_by, update_date, del_flag, properties) VALUES ('9071', '导出任务', 'task', '/task', 'task:export', '1', '0', '0', '3018', '', '系统管理员(system)', '2020-05-10 16:32:44', '系统管理员(system)', '2020-05-10 16:32:44', '0', '');
INSERT INTO sys_resource (id, name, code, url, permission, can_permission, is_default, is_locked, router_id, remarks, create_by, create_date, update_by, update_date, del_flag, properties) VALUES ('9072', '查询任务', 'task', '/task', 'task:list', '1', '0', '0', '3018', '', '系统管理员(system)', '2020-04-12 17:22:20', '系统管理员(system)', '2020-04-12 17:22:20', '0', '');
INSERT INTO sys_resource (id, name, code, url, permission, can_permission, is_default, is_locked, router_id, remarks, create_by, create_date, update_by, update_date, del_flag, properties) VALUES ('9073', '查看任务', 'mytask', '/mytask', 'mytask:read', '1', '0', '0', '3013', '', '系统管理员(system)', '2020-05-09 22:22:12', '系统管理员(system)', '2020-05-09 22:22:12', '0', '');
INSERT INTO sys_resource (id, name, code, url, permission, can_permission, is_default, is_locked, router_id, remarks, create_by, create_date, update_by, update_date, del_flag, properties) VALUES ('9074', '查询任务', 'mytask', '/mytask', 'mytask:list', '1', '0', '0', '3013', '', '系统管理员(system)', '2020-05-09 22:21:52', '系统管理员(system)', '2020-05-09 22:21:52', '0', '');
INSERT INTO sys_resource (id, name, code, url, permission, can_permission, is_default, is_locked, router_id, remarks, create_by, create_date, update_by, update_date, del_flag, properties) VALUES ('9075', '导出任务', 'mytask', '/mytask', 'mytask:export', '1', '0', '0', '3013', '', '系统管理员(system)', '2020-05-09 22:22:29', '系统管理员(system)', '2020-05-09 22:22:29', '0', '');
INSERT INTO sys_resource (id, name, code, url, permission, can_permission, is_default, is_locked, router_id, remarks, create_by, create_date, update_by, update_date, del_flag, properties) VALUES ('9076', '处理任务', 'mytask', '/mytask', 'mytask:approve', '1', '0', '0', '3013', '', '系统管理员(system)', '2020-05-09 22:24:58', '系统管理员(system)', '2020-05-09 22:24:58', '0', '');
INSERT INTO sys_resource (id, name, code, url, permission, can_permission, is_default, is_locked, router_id, remarks, create_by, create_date, update_by, update_date, del_flag, properties) VALUES ('9083', '查看流程图', 'myprocess', '/myprocess', 'process:view', '1', '0', '0', '3022', '', '超级管理员(super)', '2020-12-02 14:34:50', '超级管理员(super)', '2020-12-02 14:35:24', '0', '');
INSERT INTO sys_resource (id, name, code, url, permission, can_permission, is_default, is_locked, router_id, remarks, create_by, create_date, update_by, update_date, del_flag, properties) VALUES ('9084', '发起流程', 'myprocess', '/myprocess', 'process:start', '1', '0', '0', '3022', '', '超级管理员(super)', '2020-12-02 14:36:10', '超级管理员(super)', '2020-12-02 14:36:10', '0', '');
INSERT INTO sys_resource (id, name, code, url, permission, can_permission, is_default, is_locked, router_id, remarks, create_by, create_date, update_by, update_date, del_flag, properties) VALUES ('9085', '导出流程', 'process', '/process', 'process:export', '1', '0', '0', '3017', '', '超级管理员(super)', '2020-12-02 16:14:35', '超级管理员(super)', '2020-12-02 16:14:35', '0', '');
INSERT INTO sys_resource (id, name, code, url, permission, can_permission, is_default, is_locked, router_id, remarks, create_by, create_date, update_by, update_date, del_flag, properties) VALUES ('9086', '导出流程', 'myprocess', '/myprocess', 'process:export', '1', '0', '0', '3022', '', '超级管理员(super)', '2020-12-02 16:15:06', '超级管理员(super)', '2020-12-02 16:15:06', '0', '');
INSERT INTO sys_resource (id, name, code, url, permission, can_permission, is_default, is_locked, router_id, remarks, create_by, create_date, update_by, update_date, del_flag, properties) VALUES ('9101', '查询我的草稿', 'wf/wfDraft', 'wfDraft', 'wfDraft:list', '1', '0', '0', '3023', '', '超级管理员(super)', '2021-04-25 14:10:02', '超级管理员(super)', '2021-04-25 14:12:22', '0', '');
INSERT INTO sys_resource (id, name, code, url, permission, can_permission, is_default, is_locked, router_id, remarks, create_by, create_date, update_by, update_date, del_flag, properties) VALUES ('9102', '查看我的草稿', 'wf/wfDraft', 'wfDraft', 'wfDraft:read', '1', '0', '0', '3023', '', '超级管理员(super)', '2021-04-25 14:10:02', '超级管理员(super)', '2021-04-25 14:12:28', '0', '');
INSERT INTO sys_resource (id, name, code, url, permission, can_permission, is_default, is_locked, router_id, remarks, create_by, create_date, update_by, update_date, del_flag, properties) VALUES ('9103', '导出我的草稿', 'wf/wfDraft', 'wfDraft', 'wfDraft:export', '1', '0', '0', '3023', '', '超级管理员(super)', '2021-04-25 14:10:02', '超级管理员(super)', '2021-04-25 14:12:34', '0', '');
INSERT INTO sys_resource (id, name, code, url, permission, can_permission, is_default, is_locked, router_id, remarks, create_by, create_date, update_by, update_date, del_flag, properties) VALUES ('9104', '更新我的草稿', 'wf/wfDraft', 'wfDraft', 'wfDraft:update', '1', '0', '0', '3023', '', '超级管理员(super)', '2021-04-25 14:10:02', '超级管理员(super)', '2021-04-25 14:12:40', '0', '');
INSERT INTO sys_resource (id, name, code, url, permission, can_permission, is_default, is_locked, router_id, remarks, create_by, create_date, update_by, update_date, del_flag, properties) VALUES ('9105', '添加我的草稿', 'wf/wfDraft', 'wfDraft', 'wfDraft:create', '1', '0', '0', '3023', '', '超级管理员(super)', '2021-04-25 14:10:02', '超级管理员(super)', '2021-04-25 14:12:46', '0', '');
INSERT INTO sys_resource (id, name, code, url, permission, can_permission, is_default, is_locked, router_id, remarks, create_by, create_date, update_by, update_date, del_flag, properties) VALUES ('9106', '删除我的草稿', 'wf/wfDraft', 'wfDraft', 'wfDraft:delete', '1', '0', '0', '3023', '', '超级管理员(super)', '2021-04-25 14:10:02', '超级管理员(super)', '2023-01-05 19:18:18', '0', '');
INSERT INTO sys_resource (id, name, code, url, permission, can_permission, is_default, is_locked, router_id, remarks, create_by, create_date, update_by, update_date, del_flag, properties) VALUES ('9201', '查询系统编号规则', 'sys/codeRule', 'codeRule', 'codeRule:list', '1', '0', '0', '3024', '', '超级管理员(super)', '2021-05-17 12:44:55', '超级管理员(super)', '2022-12-14 13:21:32', '0', '');
INSERT INTO sys_resource (id, name, code, url, permission, can_permission, is_default, is_locked, router_id, remarks, create_by, create_date, update_by, update_date, del_flag, properties) VALUES ('9202', '导出系统编号规则', 'sys/codeRule', 'codeRule', 'codeRule:export', '1', '0', '0', '3024', '', '超级管理员(super)', '2021-05-17 12:44:55', '超级管理员(super)', '2022-12-14 13:21:35', '0', '');
INSERT INTO sys_resource (id, name, code, url, permission, can_permission, is_default, is_locked, router_id, remarks, create_by, create_date, update_by, update_date, del_flag, properties) VALUES ('9203', '添加系统编号规则', 'sys/codeRule', 'codeRule', 'codeRule:create', '1', '0', '0', '3024', '', '超级管理员(super)', '2021-05-17 12:44:55', '超级管理员(super)', '2022-12-14 13:21:37', '0', '');
INSERT INTO sys_resource (id, name, code, url, permission, can_permission, is_default, is_locked, router_id, remarks, create_by, create_date, update_by, update_date, del_flag, properties) VALUES ('9204', '查看系统编号规则', 'sys/codeRule', 'codeRule', 'codeRule:read', '1', '0', '0', '3024', '', '超级管理员(super)', '2021-05-17 12:44:55', '超级管理员(super)', '2022-12-14 13:21:42', '0', '');
INSERT INTO sys_resource (id, name, code, url, permission, can_permission, is_default, is_locked, router_id, remarks, create_by, create_date, update_by, update_date, del_flag, properties) VALUES ('9205', '更新系统编号规则', 'sys/codeRule', 'codeRule', 'codeRule:update', '1', '0', '0', '3024', '', '超级管理员(super)', '2021-05-17 12:44:55', '超级管理员(super)', '2022-12-14 13:21:44', '0', '');
INSERT INTO sys_resource (id, name, code, url, permission, can_permission, is_default, is_locked, router_id, remarks, create_by, create_date, update_by, update_date, del_flag, properties) VALUES ('9206', '删除系统编号规则', 'sys/codeRule', 'codeRule', 'codeRule:delete', '1', '0', '0', '3024', '', '超级管理员(super)', '2021-05-17 12:44:55', '超级管理员(super)', '2022-12-14 13:21:46', '0', '');
INSERT INTO sys_resource (id, name, code, url, permission, can_permission, is_default, is_locked, router_id, remarks, create_by, create_date, update_by, update_date, del_flag, properties) VALUES ('9305', '查看系统主题', 'sys/theme', 'theme', 'theme:read', '1', '0', '0', '3026', '', '超级管理员(super)', '2021-07-16 14:29:43', '超级管理员(super)', '2021-07-16 14:29:43', '0', '');
INSERT INTO sys_resource (id, name, code, url, permission, can_permission, is_default, is_locked, router_id, remarks, create_by, create_date, update_by, update_date, del_flag, properties) VALUES ('9306', '删除系统主题', 'sys/theme', 'theme', 'theme:delete', '1', '0', '0', '3026', '', '超级管理员(super)', '2021-07-16 14:29:43', '超级管理员(super)', '2021-07-16 14:29:43', '0', '');
INSERT INTO sys_resource (id, name, code, url, permission, can_permission, is_default, is_locked, router_id, remarks, create_by, create_date, update_by, update_date, del_flag, properties) VALUES ('9307', '更新系统主题', 'sys/theme', 'theme', 'theme:update', '1', '0', '0', '3026', '', '超级管理员(super)', '2021-07-16 14:29:43', '超级管理员(super)', '2021-07-16 14:29:43', '0', '');
INSERT INTO sys_resource (id, name, code, url, permission, can_permission, is_default, is_locked, router_id, remarks, create_by, create_date, update_by, update_date, del_flag, properties) VALUES ('9308', '导出系统主题', 'sys/theme', 'theme', 'theme:export', '1', '0', '0', '3026', '', '超级管理员(super)', '2021-07-16 14:29:43', '超级管理员(super)', '2021-07-16 14:29:43', '0', '');
INSERT INTO sys_resource (id, name, code, url, permission, can_permission, is_default, is_locked, router_id, remarks, create_by, create_date, update_by, update_date, del_flag, properties) VALUES ('9309', '添加系统主题', 'sys/theme', 'theme', 'theme:create', '1', '0', '0', '3026', '', '超级管理员(super)', '2021-07-16 14:29:43', '超级管理员(super)', '2021-07-16 14:29:43', '0', '');
INSERT INTO sys_resource (id, name, code, url, permission, can_permission, is_default, is_locked, router_id, remarks, create_by, create_date, update_by, update_date, del_flag, properties) VALUES ('9310', '查询系统主题', 'sys/theme', 'theme', 'theme:list', '1', '0', '0', '3026', '', '超级管理员(super)', '2021-07-16 14:29:43', '超级管理员(super)', '2021-07-16 14:29:43', '0', '');
INSERT INTO sys_resource (id, name, code, url, permission, can_permission, is_default, is_locked, router_id, remarks, create_by, create_date, update_by, update_date, del_flag, properties) VALUES ('90001', '查询系统数据字典', 'dictType', '/sysDictType', 'sysDictType:list', '1', '0', '0', '1290700275891773440', '', '系统管理员(system)', '2020-03-25 15:41:02', '系统管理员(system)', '2020-03-25 15:41:02', '0', '');
INSERT INTO sys_resource (id, name, code, url, permission, can_permission, is_default, is_locked, router_id, remarks, create_by, create_date, update_by, update_date, del_flag, properties) VALUES ('90032', '删除系统数据字典', 'dictType', '/sysDictType', 'sysDictType:delete', '1', '0', '0', '1290700275891773440', '', '系统管理员', '2019-08-23 06:00:44', '系统管理员', '2019-08-23 06:20:34', '0', '');
INSERT INTO sys_resource (id, name, code, url, permission, can_permission, is_default, is_locked, router_id, remarks, create_by, create_date, update_by, update_date, del_flag, properties) VALUES ('90163', '修改系统数据字典', 'dictType', '/sysDictType', 'sysDictType:update', '1', '0', '0', '1290700275891773440', '', '系统管理员', '2019-08-23 06:00:19', '系统管理员', '2019-08-23 06:20:43', '0', '');
INSERT INTO sys_resource (id, name, code, url, permission, can_permission, is_default, is_locked, router_id, remarks, create_by, create_date, update_by, update_date, del_flag, properties) VALUES ('90194', '添加系统数据字典', 'dictType', '/sysDictType', 'sysDictType:create', '1', '0', '0', '1290700275891773440', '', '系统管理员', '2019-08-23 05:59:10', '系统管理员', '2019-08-23 06:20:50', '0', '');
INSERT INTO sys_resource (id, name, code, url, permission, can_permission, is_default, is_locked, router_id, remarks, create_by, create_date, update_by, update_date, del_flag, properties) VALUES ('90245', '导出系统数据字典', 'dictType', '/sysDictType', 'sysDictType:export', '1', '0', '0', '1290700275891773440', '', '系统管理员', '2019-08-23 06:01:29', '系统管理员', '2019-08-23 06:20:11', '0', '');
INSERT INTO sys_resource (id, name, code, url, permission, can_permission, is_default, is_locked, router_id, remarks, create_by, create_date, update_by, update_date, del_flag, properties) VALUES ('90476', '查看系统数据字典', 'dictType', '/sysDictType', 'sysDictType:read', '1', '0', '0', '1290700275891773440', '', '系统管理员', '2019-08-23 06:01:14', '系统管理员(system)', '2020-03-25 15:40:45', '0', '');
INSERT INTO sys_resource (id, name, code, url, permission, can_permission, is_default, is_locked, router_id, remarks, create_by, create_date, update_by, update_date, del_flag, properties) VALUES ('41105517082353666', '导出公司', 'company', '/company', 'company:export', '1', '0', '0', '41105517082353664', '', '系统管理员(system)', '2020-08-19 16:44:48', '系统管理员(system)', '2020-08-19 16:44:48', '0', '');
INSERT INTO sys_resource (id, name, code, url, permission, can_permission, is_default, is_locked, router_id, remarks, create_by, create_date, update_by, update_date, del_flag, properties) VALUES ('41105517082353668', '查看公司', 'company', '/company', 'company:read', '1', '0', '0', '41105517082353664', '', '系统管理员(system)', '2020-08-19 16:45:09', '系统管理员(system)', '2020-08-19 16:45:09', '0', '');
INSERT INTO sys_resource (id, name, code, url, permission, can_permission, is_default, is_locked, router_id, remarks, create_by, create_date, update_by, update_date, del_flag, properties) VALUES ('41105517082353670', '修改公司', 'company', '/company', 'company:update', '1', '0', '0', '41105517082353664', '', '系统管理员(system)', '2020-08-19 16:45:31', '系统管理员(system)', '2020-08-19 16:45:31', '0', '');
INSERT INTO sys_resource (id, name, code, url, permission, can_permission, is_default, is_locked, router_id, remarks, create_by, create_date, update_by, update_date, del_flag, properties) VALUES ('41105517082353672', '添加公司', 'company', '/company', 'company:create', '0', '0', '0', '41105517082353664', '', '系统管理员(system)', '2020-08-19 16:45:49', '系统管理员(system)', '2020-08-19 16:45:49', '0', '');
INSERT INTO sys_resource (id, name, code, url, permission, can_permission, is_default, is_locked, router_id, remarks, create_by, create_date, update_by, update_date, del_flag, properties) VALUES ('41105517082353674', '查询公司', 'company', '/company', 'company:list', '1', '0', '0', '41105517082353664', '', '系统管理员(system)', '2020-08-19 16:46:12', '系统管理员(system)', '2020-08-19 16:46:12', '0', '');
INSERT INTO sys_resource (id, name, code, url, permission, can_permission, is_default, is_locked, router_id, remarks, create_by, create_date, update_by, update_date, del_flag, properties) VALUES ('52959231682854915', '查询部门', 'department', '/department', 'department:list', '1', '0', '0', '52959231682854912', '', '系统管理员(system)', '2020-08-27 16:19:16', '系统管理员(system)', '2020-08-27 16:19:16', '0', '');
INSERT INTO sys_resource (id, name, code, url, permission, can_permission, is_default, is_locked, router_id, remarks, create_by, create_date, update_by, update_date, del_flag, properties) VALUES ('52959231682854917', '查看部门', 'department', '/department', 'department:read', '1', '0', '0', '52959231682854912', '', '系统管理员(system)', '2020-08-27 16:19:32', '系统管理员(system)', '2020-08-27 16:19:32', '0', '');
INSERT INTO sys_resource (id, name, code, url, permission, can_permission, is_default, is_locked, router_id, remarks, create_by, create_date, update_by, update_date, del_flag, properties) VALUES ('52959231682854919', '添加部门', 'department', '/department', 'department:create', '1', '0', '0', '52959231682854912', '', '系统管理员(system)', '2020-08-27 16:19:54', '系统管理员(system)', '2020-08-27 16:19:54', '0', '');
INSERT INTO sys_resource (id, name, code, url, permission, can_permission, is_default, is_locked, router_id, remarks, create_by, create_date, update_by, update_date, del_flag, properties) VALUES ('52959231682854921', '修改部门', 'department', '/department', 'department:update', '1', '0', '0', '52959231682854912', '', '系统管理员(system)', '2020-08-27 16:20:08', '系统管理员(system)', '2020-08-27 16:20:08', '0', '');
INSERT INTO sys_resource (id, name, code, url, permission, can_permission, is_default, is_locked, router_id, remarks, create_by, create_date, update_by, update_date, del_flag, properties) VALUES ('52959231682854923', '导出部门', 'department', '/department', 'department:export', '1', '0', '0', '52959231682854912', '', '系统管理员(system)', '2020-08-27 16:20:40', '系统管理员(system)', '2020-08-27 16:20:40', '0', '');
INSERT INTO sys_resource (id, name, code, url, permission, can_permission, is_default, is_locked, router_id, remarks, create_by, create_date, update_by, update_date, del_flag, properties) VALUES ('54172422505193473', '删除公司', 'company', '/company', 'company:delete', '0', '0', '0', '41105517082353664', '', '系统管理员(system)', '2020-08-28 11:56:17', '系统管理员(system)', '2020-08-28 11:56:17', '0', '');
INSERT INTO sys_resource (id, name, code, url, permission, can_permission, is_default, is_locked, router_id, remarks, create_by, create_date, update_by, update_date, del_flag, properties) VALUES ('54172422505193475', '删除部门', 'department', '/department', 'department:delete', '1', '0', '0', '52959231682854912', '', '系统管理员(system)', '2020-08-28 11:56:35', '系统管理员(system)', '2020-08-28 11:56:35', '0', '');
INSERT INTO sys_resource (id, name, code, url, permission, can_permission, is_default, is_locked, router_id, remarks, create_by, create_date, update_by, update_date, del_flag, properties) VALUES ('664172814948868268', '查询个人信息', '01', '01', '01:list', '1', '0', '0', '552789263395020915', '', '超级管理员(super)', '2021-10-13 15:02:37', '超级管理员(super)', '2023-01-05 19:56:19', '0', '');
INSERT INTO sys_resource (id, name, code, url, permission, can_permission, is_default, is_locked, router_id, remarks, create_by, create_date, update_by, update_date, del_flag, properties) VALUES ('664172814948868270', '查看个人信息', '01', '01', '01:read', '1', '0', '0', '552789263395020915', '', '超级管理员(super)', '2021-10-13 15:02:37', '超级管理员(super)', '2021-10-13 15:02:37', '0', '');
INSERT INTO sys_resource (id, name, code, url, permission, can_permission, is_default, is_locked, router_id, remarks, create_by, create_date, update_by, update_date, del_flag, properties) VALUES ('664172814948868271', '添加个人信息', '01', '01', '01:create', '1', '0', '0', '552789263395020915', '', '超级管理员(super)', '2021-10-13 15:02:37', '超级管理员(super)', '2021-10-13 15:02:37', '0', '');
INSERT INTO sys_resource (id, name, code, url, permission, can_permission, is_default, is_locked, router_id, remarks, create_by, create_date, update_by, update_date, del_flag, properties) VALUES ('664172814948868272', '导出个人信息', '01', '01', '01:export', '1', '0', '0', '552789263395020915', '', '超级管理员(super)', '2021-10-13 15:02:37', '超级管理员(super)', '2021-10-13 15:02:37', '0', '');
INSERT INTO sys_resource (id, name, code, url, permission, can_permission, is_default, is_locked, router_id, remarks, create_by, create_date, update_by, update_date, del_flag, properties) VALUES ('664172814948868273', '删除个人信息', '01', '01', '01:delete', '1', '0', '0', '552789263395020915', '', '超级管理员(super)', '2021-10-13 15:02:37', '超级管理员(super)', '2021-10-13 15:02:37', '0', '');
INSERT INTO sys_resource (id, name, code, url, permission, can_permission, is_default, is_locked, router_id, remarks, create_by, create_date, update_by, update_date, del_flag, properties) VALUES ('664172814948868274', '更新个人信息', '01', '01', '01:update', '1', '0', '0', '552789263395020915', '', '超级管理员(super)', '2021-10-13 15:02:37', '超级管理员(super)', '2021-10-13 15:02:37', '0', '');
INSERT INTO sys_resource (id, name, code, url, permission, can_permission, is_default, is_locked, router_id, remarks, create_by, create_date, update_by, update_date, del_flag, properties) VALUES ('664172814948868280', '查看常用应用', '02', '02', '02:read', '1', '1', '0', '552789263395020803', '', '超级管理员(super)', '2021-10-13 15:02:44', '超级管理员(super)', '2022-01-28 17:12:35', '0', '');
INSERT INTO sys_resource (id, name, code, url, permission, can_permission, is_default, is_locked, router_id, remarks, create_by, create_date, update_by, update_date, del_flag, properties) VALUES ('664172814948868281', '导出常用应用', '02', '02', '02:export', '1', '0', '0', '552789263395020803', '', '超级管理员(super)', '2021-10-13 15:02:44', '超级管理员(super)', '2021-10-13 15:02:44', '0', '');
INSERT INTO sys_resource (id, name, code, url, permission, can_permission, is_default, is_locked, router_id, remarks, create_by, create_date, update_by, update_date, del_flag, properties) VALUES ('664172814948868282', '查询常用应用', '02', '02', '02:list', '1', '0', '0', '552789263395020803', '', '超级管理员(super)', '2021-10-13 15:02:44', '超级管理员(super)', '2021-10-13 15:02:44', '0', '');
INSERT INTO sys_resource (id, name, code, url, permission, can_permission, is_default, is_locked, router_id, remarks, create_by, create_date, update_by, update_date, del_flag, properties) VALUES ('664172814948868283', '更新常用应用', '02', '02', '02:update', '1', '0', '0', '552789263395020803', '', '超级管理员(super)', '2021-10-13 15:02:44', '超级管理员(super)', '2021-10-13 15:02:44', '0', '');
INSERT INTO sys_resource (id, name, code, url, permission, can_permission, is_default, is_locked, router_id, remarks, create_by, create_date, update_by, update_date, del_flag, properties) VALUES ('664172814948868284', '删除常用应用', '02', '02', '02:delete', '1', '0', '0', '552789263395020803', '', '超级管理员(super)', '2021-10-13 15:02:44', '超级管理员(super)', '2021-10-13 15:02:44', '0', '');
INSERT INTO sys_resource (id, name, code, url, permission, can_permission, is_default, is_locked, router_id, remarks, create_by, create_date, update_by, update_date, del_flag, properties) VALUES ('664172814948868285', '添加常用应用', '02', '02', '02:create', '1', '0', '0', '552789263395020803', '', '超级管理员(super)', '2021-10-13 15:02:44', '超级管理员(super)', '2021-10-13 15:02:44', '0', '');
INSERT INTO sys_resource (id, name, code, url, permission, can_permission, is_default, is_locked, router_id, remarks, create_by, create_date, update_by, update_date, del_flag, properties) VALUES ('664172814948868292', '查询常用流程', '03', '03', '03:list', '1', '1', '0', '557507851905990691', '', '超级管理员(super)', '2021-10-13 15:02:48', '超级管理员(super)', '2022-01-28 17:12:51', '0', '');
INSERT INTO sys_resource (id, name, code, url, permission, can_permission, is_default, is_locked, router_id, remarks, create_by, create_date, update_by, update_date, del_flag, properties) VALUES ('664172814948868293', '导出常用流程', '03', '03', '03:export', '1', '0', '0', '557507851905990691', '', '超级管理员(super)', '2021-10-13 15:02:48', '超级管理员(super)', '2021-10-13 15:02:48', '0', '');
INSERT INTO sys_resource (id, name, code, url, permission, can_permission, is_default, is_locked, router_id, remarks, create_by, create_date, update_by, update_date, del_flag, properties) VALUES ('664172814948868294', '查看常用流程', '03', '03', '03:read', '1', '0', '0', '557507851905990691', '', '超级管理员(super)', '2021-10-13 15:02:48', '超级管理员(super)', '2021-10-13 15:02:48', '0', '');
INSERT INTO sys_resource (id, name, code, url, permission, can_permission, is_default, is_locked, router_id, remarks, create_by, create_date, update_by, update_date, del_flag, properties) VALUES ('664172814948868295', '更新常用流程', '03', '03', '03:update', '1', '0', '0', '557507851905990691', '', '超级管理员(super)', '2021-10-13 15:02:48', '超级管理员(super)', '2021-10-13 15:02:48', '0', '');
INSERT INTO sys_resource (id, name, code, url, permission, can_permission, is_default, is_locked, router_id, remarks, create_by, create_date, update_by, update_date, del_flag, properties) VALUES ('664172814948868296', '添加常用流程', '03', '03', '03:create', '1', '0', '0', '557507851905990691', '', '超级管理员(super)', '2021-10-13 15:02:48', '超级管理员(super)', '2021-10-13 15:02:48', '0', '');
INSERT INTO sys_resource (id, name, code, url, permission, can_permission, is_default, is_locked, router_id, remarks, create_by, create_date, update_by, update_date, del_flag, properties) VALUES ('664172814948868297', '删除常用流程', '03', '03', '03:delete', '1', '0', '0', '557507851905990691', '', '超级管理员(super)', '2021-10-13 15:02:48', '超级管理员(super)', '2021-10-13 15:02:48', '0', '');
INSERT INTO sys_resource (id, name, code, url, permission, can_permission, is_default, is_locked, router_id, remarks, create_by, create_date, update_by, update_date, del_flag, properties) VALUES ('664172814948868304', '添加我的日程', '04', '04', '04:create', '1', '1', '0', '552789263395020805', '', '超级管理员(super)', '2021-10-13 15:02:51', '超级管理员(super)', '2022-01-28 17:12:58', '0', '');
INSERT INTO sys_resource (id, name, code, url, permission, can_permission, is_default, is_locked, router_id, remarks, create_by, create_date, update_by, update_date, del_flag, properties) VALUES ('664172814948868305', '删除我的日程', '04', '04', '04:delete', '1', '0', '0', '552789263395020805', '', '超级管理员(super)', '2021-10-13 15:02:51', '超级管理员(super)', '2021-10-13 15:02:51', '0', '');
INSERT INTO sys_resource (id, name, code, url, permission, can_permission, is_default, is_locked, router_id, remarks, create_by, create_date, update_by, update_date, del_flag, properties) VALUES ('664172814948868306', '查询我的日程', '04', '04', '04:list', '1', '0', '0', '552789263395020805', '', '超级管理员(super)', '2021-10-13 15:02:51', '超级管理员(super)', '2021-10-13 15:02:51', '0', '');
INSERT INTO sys_resource (id, name, code, url, permission, can_permission, is_default, is_locked, router_id, remarks, create_by, create_date, update_by, update_date, del_flag, properties) VALUES ('664172814948868307', '导出我的日程', '04', '04', '04:export', '1', '0', '0', '552789263395020805', '', '超级管理员(super)', '2021-10-13 15:02:51', '超级管理员(super)', '2021-10-13 15:02:51', '0', '');
INSERT INTO sys_resource (id, name, code, url, permission, can_permission, is_default, is_locked, router_id, remarks, create_by, create_date, update_by, update_date, del_flag, properties) VALUES ('664172814948868308', '查看我的日程', '04', '04', '04:read', '1', '0', '0', '552789263395020805', '', '超级管理员(super)', '2021-10-13 15:02:51', '超级管理员(super)', '2021-10-13 15:02:51', '0', '');
INSERT INTO sys_resource (id, name, code, url, permission, can_permission, is_default, is_locked, router_id, remarks, create_by, create_date, update_by, update_date, del_flag, properties) VALUES ('664172814948868309', '更新我的日程', '04', '04', '04:update', '1', '0', '0', '552789263395020805', '', '超级管理员(super)', '2021-10-13 15:02:51', '超级管理员(super)', '2021-10-13 15:02:51', '0', '');
INSERT INTO sys_resource (id, name, code, url, permission, can_permission, is_default, is_locked, router_id, remarks, create_by, create_date, update_by, update_date, del_flag, properties) VALUES ('683902640570327047', '查询定时任务', 'schedule/scheduleJob', 'scheduleJob', 'scheduleJob:list', '1', '0', '0', '683902640570327041', '', '超级管理员(super)', '2021-10-26 17:56:39', '超级管理员(super)', '2021-10-26 17:56:39', '0', '');
INSERT INTO sys_resource (id, name, code, url, permission, can_permission, is_default, is_locked, router_id, remarks, create_by, create_date, update_by, update_date, del_flag, properties) VALUES ('683902640570327049', '查看定时任务', 'schedule/scheduleJob', 'scheduleJob', 'scheduleJob:read', '1', '0', '0', '683902640570327041', '', '超级管理员(super)', '2021-10-26 17:56:39', '超级管理员(super)', '2021-10-26 17:56:39', '0', '');
INSERT INTO sys_resource (id, name, code, url, permission, can_permission, is_default, is_locked, router_id, remarks, create_by, create_date, update_by, update_date, del_flag, properties) VALUES ('683902640570327050', '添加定时任务', 'schedule/scheduleJob', 'scheduleJob', 'scheduleJob:create', '1', '0', '0', '683902640570327041', '', '超级管理员(super)', '2021-10-26 17:56:39', '超级管理员(super)', '2021-10-26 17:56:39', '0', '');
INSERT INTO sys_resource (id, name, code, url, permission, can_permission, is_default, is_locked, router_id, remarks, create_by, create_date, update_by, update_date, del_flag, properties) VALUES ('683902640570327051', '导出定时任务', 'schedule/scheduleJob', 'scheduleJob', 'scheduleJob:export', '1', '0', '0', '683902640570327041', '', '超级管理员(super)', '2021-10-26 17:56:39', '超级管理员(super)', '2021-10-26 17:56:39', '0', '');
INSERT INTO sys_resource (id, name, code, url, permission, can_permission, is_default, is_locked, router_id, remarks, create_by, create_date, update_by, update_date, del_flag, properties) VALUES ('683902640570327052', '更新定时任务', 'schedule/scheduleJob', 'scheduleJob', 'scheduleJob:update', '1', '0', '0', '683902640570327041', '', '超级管理员(super)', '2021-10-26 17:56:39', '超级管理员(super)', '2021-10-26 17:56:39', '0', '');
INSERT INTO sys_resource (id, name, code, url, permission, can_permission, is_default, is_locked, router_id, remarks, create_by, create_date, update_by, update_date, del_flag, properties) VALUES ('683902640570327056', '删除定时任务', 'schedule/scheduleJob', 'scheduleJob', 'scheduleJob:delete', '1', '0', '0', '683902640570327041', '', '超级管理员(super)', '2021-10-26 17:56:39', '超级管理员(super)', '2021-10-26 17:56:39', '0', '');
INSERT INTO sys_resource (id, name, code, url, permission, can_permission, is_default, is_locked, router_id, remarks, create_by, create_date, update_by, update_date, del_flag, properties) VALUES ('723863892476010510', '更新消息发送', 'noticesend/noticeSend', 'noticesend', 'noticeSend:update', '1', '0', '0', '723822523350949890', '', '超级管理员(super)', '2021-11-22 16:01:31', '超级管理员(super)', '2021-11-22 16:01:31', '0', '');
INSERT INTO sys_resource (id, name, code, url, permission, can_permission, is_default, is_locked, router_id, remarks, create_by, create_date, update_by, update_date, del_flag, properties) VALUES ('723863892476010511', '添加消息发送', 'noticesend/noticeSend', 'noticesend', 'noticeSend:create', '1', '0', '0', '723822523350949890', '', '超级管理员(super)', '2021-11-22 16:01:31', '超级管理员(super)', '2021-11-22 16:01:31', '0', '');
INSERT INTO sys_resource (id, name, code, url, permission, can_permission, is_default, is_locked, router_id, remarks, create_by, create_date, update_by, update_date, del_flag, properties) VALUES ('723863892476010512', '查询消息发送', 'noticesend/noticeSend', 'noticesend', 'noticeSend:list', '1', '0', '0', '723822523350949890', '', '超级管理员(super)', '2021-11-22 16:01:31', '超级管理员(super)', '2021-11-22 16:01:31', '0', '');
INSERT INTO sys_resource (id, name, code, url, permission, can_permission, is_default, is_locked, router_id, remarks, create_by, create_date, update_by, update_date, del_flag, properties) VALUES ('723863892476010514', '删除消息发送', 'noticesend/noticeSend', 'noticesend', 'noticeSend:delete', '1', '0', '0', '723822523350949890', '', '超级管理员(super)', '2021-11-22 16:01:31', '超级管理员(super)', '2021-11-22 16:01:31', '0', '');
INSERT INTO sys_resource (id, name, code, url, permission, can_permission, is_default, is_locked, router_id, remarks, create_by, create_date, update_by, update_date, del_flag, properties) VALUES ('723863892476010515', '查看消息发送', 'noticesend/noticeSend', 'noticesend', 'noticeSend:read', '1', '0', '0', '723822523350949890', '', '超级管理员(super)', '2021-11-22 16:01:31', '超级管理员(super)', '2021-11-22 16:01:31', '0', '');
INSERT INTO sys_resource (id, name, code, url, permission, can_permission, is_default, is_locked, router_id, remarks, create_by, create_date, update_by, update_date, del_flag, properties) VALUES ('723863892476010518', '导出消息发送', 'noticesend/noticeSend', 'noticesend', 'noticeSend:export', '1', '0', '0', '723822523350949890', '', '超级管理员(super)', '2021-11-22 16:01:31', '超级管理员(super)', '2021-11-22 16:01:31', '0', '');
INSERT INTO sys_resource (id, name, code, url, permission, can_permission, is_default, is_locked, router_id, remarks, create_by, create_date, update_by, update_date, del_flag, properties) VALUES ('757651816068014085', '查看设计', 'report/reportDesign', 'reportDesign', 'reportDesign:read', '1', '0', '0', '739834212972757168', '', '超级管理员(super)', '2021-12-15 10:25:48', '超级管理员(super)', '2021-12-15 10:25:48', '0', '');
INSERT INTO sys_resource (id, name, code, url, permission, can_permission, is_default, is_locked, router_id, remarks, create_by, create_date, update_by, update_date, del_flag, properties) VALUES ('757651816068014086', '查询设计', 'report/reportDesign', 'reportDesign', 'reportDesign:list', '1', '0', '0', '739834212972757168', '', '超级管理员(super)', '2021-12-15 10:25:48', '超级管理员(super)', '2021-12-15 10:25:48', '0', '');
INSERT INTO sys_resource (id, name, code, url, permission, can_permission, is_default, is_locked, router_id, remarks, create_by, create_date, update_by, update_date, del_flag, properties) VALUES ('757651816068014087', '导出设计', 'report/reportDesign', 'reportDesign', 'reportDesign:export', '1', '0', '0', '739834212972757168', '', '超级管理员(super)', '2021-12-15 10:25:48', '超级管理员(super)', '2021-12-15 10:25:48', '0', '');
INSERT INTO sys_resource (id, name, code, url, permission, can_permission, is_default, is_locked, router_id, remarks, create_by, create_date, update_by, update_date, del_flag, properties) VALUES ('757651816068014088', '删除设计', 'report/reportDesign', 'reportDesign', 'reportDesign:delete', '1', '0', '0', '739834212972757168', '', '超级管理员(super)', '2021-12-15 10:25:48', '超级管理员(super)', '2021-12-15 10:25:48', '0', '');
INSERT INTO sys_resource (id, name, code, url, permission, can_permission, is_default, is_locked, router_id, remarks, create_by, create_date, update_by, update_date, del_flag, properties) VALUES ('757651816068014089', '更新设计', 'report/reportDesign', 'reportDesign', 'reportDesign:update', '1', '0', '0', '739834212972757168', '', '超级管理员(super)', '2021-12-15 10:25:48', '超级管理员(super)', '2021-12-15 10:25:48', '0', '');
INSERT INTO sys_resource (id, name, code, url, permission, can_permission, is_default, is_locked, router_id, remarks, create_by, create_date, update_by, update_date, del_flag, properties) VALUES ('757651816068014092', '添加设计', 'report/reportDesign', 'reportDesign', 'reportDesign:create', '1', '0', '0', '739834212972757168', '', '超级管理员(super)', '2021-12-15 10:25:48', '超级管理员(super)', '2021-12-15 10:25:48', '0', '');
INSERT INTO sys_resource (id, name, code, url, permission, can_permission, is_default, is_locked, router_id, remarks, create_by, create_date, update_by, update_date, del_flag, properties) VALUES ('757651816068014097', '查询浏览', 'report/reportView', 'reportView', 'reportView:list', '1', '0', '0', '739834212972757181', '', '超级管理员(super)', '2021-12-15 10:25:53', '超级管理员(super)', '2021-12-15 10:25:53', '0', '');
INSERT INTO sys_resource (id, name, code, url, permission, can_permission, is_default, is_locked, router_id, remarks, create_by, create_date, update_by, update_date, del_flag, properties) VALUES ('757651816068014098', '更新浏览', 'report/reportView', 'reportView', 'reportView:update', '1', '0', '0', '739834212972757181', '', '超级管理员(super)', '2021-12-15 10:25:53', '超级管理员(super)', '2021-12-15 10:25:53', '0', '');
INSERT INTO sys_resource (id, name, code, url, permission, can_permission, is_default, is_locked, router_id, remarks, create_by, create_date, update_by, update_date, del_flag, properties) VALUES ('757651816068014099', '查看浏览', 'report/reportView', 'reportView', 'reportView:read', '1', '0', '0', '739834212972757181', '', '超级管理员(super)', '2021-12-15 10:25:53', '超级管理员(super)', '2021-12-15 10:25:53', '0', '');
INSERT INTO sys_resource (id, name, code, url, permission, can_permission, is_default, is_locked, router_id, remarks, create_by, create_date, update_by, update_date, del_flag, properties) VALUES ('757651816068014100', '删除浏览', 'report/reportView', 'reportView', 'reportView:delete', '1', '0', '0', '739834212972757181', '', '超级管理员(super)', '2021-12-15 10:25:53', '超级管理员(super)', '2021-12-15 10:25:53', '0', '');
INSERT INTO sys_resource (id, name, code, url, permission, can_permission, is_default, is_locked, router_id, remarks, create_by, create_date, update_by, update_date, del_flag, properties) VALUES ('757651816068014101', '导出浏览', 'report/reportView', 'reportView', 'reportView:export', '1', '0', '0', '739834212972757181', '', '超级管理员(super)', '2021-12-15 10:25:53', '超级管理员(super)', '2021-12-15 10:25:53', '0', '');
INSERT INTO sys_resource (id, name, code, url, permission, can_permission, is_default, is_locked, router_id, remarks, create_by, create_date, update_by, update_date, del_flag, properties) VALUES ('757651816068014102', '添加浏览', 'report/reportView', 'reportView', 'reportView:create', '1', '0', '0', '739834212972757181', '', '超级管理员(super)', '2021-12-15 10:25:53', '超级管理员(super)', '2021-12-15 10:25:53', '0', '');
INSERT INTO sys_resource (id, name, code, url, permission, can_permission, is_default, is_locked, router_id, remarks, create_by, create_date, update_by, update_date, del_flag, properties) VALUES ('774241367780327429', '查询属性集', 'sys/propertySet', 'propertySet', 'propertySet:list', '1', '0', '0', '774235612524134400', '', '超级管理员(super)', '2021-12-26 14:36:41', '超级管理员(super)', '2021-12-26 14:36:41', '0', '');
INSERT INTO sys_resource (id, name, code, url, permission, can_permission, is_default, is_locked, router_id, remarks, create_by, create_date, update_by, update_date, del_flag, properties) VALUES ('774241367780327430', '查看属性集', 'sys/propertySet', 'propertySet', 'propertySet:read', '1', '0', '0', '774235612524134400', '', '超级管理员(super)', '2021-12-26 14:36:41', '超级管理员(super)', '2021-12-26 14:36:41', '0', '');
INSERT INTO sys_resource (id, name, code, url, permission, can_permission, is_default, is_locked, router_id, remarks, create_by, create_date, update_by, update_date, del_flag, properties) VALUES ('774241367780327431', '导出属性集', 'sys/propertySet', 'propertySet', 'propertySet:export', '1', '0', '0', '774235612524134400', '', '超级管理员(super)', '2021-12-26 14:36:41', '超级管理员(super)', '2021-12-26 14:36:41', '0', '');
INSERT INTO sys_resource (id, name, code, url, permission, can_permission, is_default, is_locked, router_id, remarks, create_by, create_date, update_by, update_date, del_flag, properties) VALUES ('774241367780327435', '更新属性集', 'sys/propertySet', 'propertySet', 'propertySet:update', '1', '0', '0', '774235612524134400', '', '超级管理员(super)', '2021-12-26 14:36:42', '超级管理员(super)', '2021-12-26 14:36:42', '0', '');
INSERT INTO sys_resource (id, name, code, url, permission, can_permission, is_default, is_locked, router_id, remarks, create_by, create_date, update_by, update_date, del_flag, properties) VALUES ('774241367780327436', '添加属性集', 'sys/propertySet', 'propertySet', 'propertySet:create', '1', '0', '0', '774235612524134400', '', '超级管理员(super)', '2021-12-26 14:36:42', '超级管理员(super)', '2021-12-26 14:36:42', '0', '');
INSERT INTO sys_resource (id, name, code, url, permission, can_permission, is_default, is_locked, router_id, remarks, create_by, create_date, update_by, update_date, del_flag, properties) VALUES ('774241367780327437', '删除属性集', 'sys/propertySet', 'propertySet', 'propertySet:delete', '1', '0', '0', '774235612524134400', '', '超级管理员(super)', '2021-12-26 14:36:42', '超级管理员(super)', '2021-12-26 14:36:42', '0', '');
INSERT INTO sys_resource (id, name, code, url, permission, can_permission, is_default, is_locked, router_id, remarks, create_by, create_date, update_by, update_date, del_flag, properties) VALUES ('818703951557517454', '删除流程', 'designer', '/designer', 'designer:delete', '1', '0', '0', '3005', '', '超级管理员(super)', '2022-01-25 16:29:33', '超级管理员(super)', '2022-01-25 16:29:33', '0', '');
INSERT INTO sys_resource (id, name, code, url, permission, can_permission, is_default, is_locked, router_id, remarks, create_by, create_date, update_by, update_date, del_flag, properties) VALUES ('823043620873658838', '查询常用报表', '07', '07', '07:list', '1', '1', '0', '759165723333517543', '', '超级管理员(super)', '2022-01-28 12:56:09', '超级管理员(super)', '2022-01-28 17:13:09', '0', '');
INSERT INTO sys_resource (id, name, code, url, permission, can_permission, is_default, is_locked, router_id, remarks, create_by, create_date, update_by, update_date, del_flag, properties) VALUES ('823043620873658839', '导出常用报表', '07', '07', '07:export', '1', '0', '0', '759165723333517543', '', '超级管理员(super)', '2022-01-28 12:56:09', '超级管理员(super)', '2022-01-28 12:56:09', '0', '');
INSERT INTO sys_resource (id, name, code, url, permission, can_permission, is_default, is_locked, router_id, remarks, create_by, create_date, update_by, update_date, del_flag, properties) VALUES ('823043620873658840', '添加常用报表', '07', '07', '07:create', '1', '0', '0', '759165723333517543', '', '超级管理员(super)', '2022-01-28 12:56:09', '超级管理员(super)', '2022-01-28 12:56:09', '0', '');
INSERT INTO sys_resource (id, name, code, url, permission, can_permission, is_default, is_locked, router_id, remarks, create_by, create_date, update_by, update_date, del_flag, properties) VALUES ('823043620873658841', '查看常用报表', '07', '07', '07:read', '1', '0', '0', '759165723333517543', '', '超级管理员(super)', '2022-01-28 12:56:09', '超级管理员(super)', '2022-01-28 12:56:09', '0', '');
INSERT INTO sys_resource (id, name, code, url, permission, can_permission, is_default, is_locked, router_id, remarks, create_by, create_date, update_by, update_date, del_flag, properties) VALUES ('823043620873658842', '更新常用报表', '07', '07', '07:update', '1', '0', '0', '759165723333517543', '', '超级管理员(super)', '2022-01-28 12:56:09', '超级管理员(super)', '2022-01-28 12:56:09', '0', '');
INSERT INTO sys_resource (id, name, code, url, permission, can_permission, is_default, is_locked, router_id, remarks, create_by, create_date, update_by, update_date, del_flag, properties) VALUES ('823043620873658843', '删除常用报表', '07', '07', '07:delete', '1', '0', '0', '759165723333517543', '', '超级管理员(super)', '2022-01-28 12:56:09', '超级管理员(super)', '2022-01-28 12:56:09', '0', '');
INSERT INTO sys_resource (id, name, code, url, permission, can_permission, is_default, is_locked, router_id, remarks, create_by, create_date, update_by, update_date, del_flag, properties) VALUES ('879380741260567093', '查询个人信息', 'homepage/components/Person.vue', '023', 'Person.vue:list', '1', '0', '0', '879380741260567087', '', '超级管理员(super)', '2022-03-07 11:10:03', '超级管理员(super)', '2022-03-07 11:10:03', '0', '');
INSERT INTO sys_resource (id, name, code, url, permission, can_permission, is_default, is_locked, router_id, remarks, create_by, create_date, update_by, update_date, del_flag, properties) VALUES ('879380741260567095', '导出个人信息', 'homepage/components/Person.vue', '023', 'Person.vue:export', '1', '0', '0', '879380741260567087', '', '超级管理员(super)', '2022-03-07 11:10:03', '超级管理员(super)', '2022-03-07 11:10:03', '0', '');
INSERT INTO sys_resource (id, name, code, url, permission, can_permission, is_default, is_locked, router_id, remarks, create_by, create_date, update_by, update_date, del_flag, properties) VALUES ('879380741260567096', '添加个人信息', 'homepage/components/Person.vue', '023', 'Person.vue:create', '1', '0', '0', '879380741260567087', '', '超级管理员(super)', '2022-03-07 11:10:03', '超级管理员(super)', '2022-03-07 11:10:03', '0', '');
INSERT INTO sys_resource (id, name, code, url, permission, can_permission, is_default, is_locked, router_id, remarks, create_by, create_date, update_by, update_date, del_flag, properties) VALUES ('879380741260567097', '查看个人信息', 'homepage/components/Person.vue', '023', 'Person.vue:read', '1', '0', '0', '879380741260567087', '', '超级管理员(super)', '2022-03-07 11:10:03', '超级管理员(super)', '2022-03-07 11:10:03', '0', '');
INSERT INTO sys_resource (id, name, code, url, permission, can_permission, is_default, is_locked, router_id, remarks, create_by, create_date, update_by, update_date, del_flag, properties) VALUES ('879380741260567101', '删除个人信息', 'homepage/components/Person.vue', '023', 'Person.vue:delete', '1', '0', '0', '879380741260567087', '', '超级管理员(super)', '2022-03-07 11:10:04', '超级管理员(super)', '2022-03-07 11:10:04', '0', '');
INSERT INTO sys_resource (id, name, code, url, permission, can_permission, is_default, is_locked, router_id, remarks, create_by, create_date, update_by, update_date, del_flag, properties) VALUES ('879380741260567103', '更新个人信息', 'homepage/components/Person.vue', '023', 'Person.vue:update', '1', '0', '0', '879380741260567087', '', '超级管理员(super)', '2022-03-07 11:10:04', '超级管理员(super)', '2022-03-07 11:10:04', '0', '');
INSERT INTO sys_resource (id, name, code, url, permission, can_permission, is_default, is_locked, router_id, remarks, create_by, create_date, update_by, update_date, del_flag, properties) VALUES ('1088842448018653190', '更新代码方案', 'dc/dcScheme', 'dcScheme', 'dcScheme:update', '1', '0', '0', '1088842448018653188', '', '超级管理员(super)', '2022-07-26 13:21:45', '超级管理员(super)', '2022-07-26 13:21:45', '0', '');
INSERT INTO sys_resource (id, name, code, url, permission, can_permission, is_default, is_locked, router_id, remarks, create_by, create_date, update_by, update_date, del_flag, properties) VALUES ('1088842448018653191', '导出代码方案', 'dc/dcScheme', 'dcScheme', 'dcScheme:export', '1', '0', '0', '1088842448018653188', '', '超级管理员(super)', '2022-07-26 13:21:45', '超级管理员(super)', '2022-07-26 13:21:45', '0', '');
INSERT INTO sys_resource (id, name, code, url, permission, can_permission, is_default, is_locked, router_id, remarks, create_by, create_date, update_by, update_date, del_flag, properties) VALUES ('1088842448018653192', '查询代码方案', 'dc/dcScheme', 'dcScheme', 'dcScheme:list', '1', '0', '0', '1088842448018653188', '', '超级管理员(super)', '2022-07-26 13:21:45', '超级管理员(super)', '2022-07-26 13:21:45', '0', '');
INSERT INTO sys_resource (id, name, code, url, permission, can_permission, is_default, is_locked, router_id, remarks, create_by, create_date, update_by, update_date, del_flag, properties) VALUES ('1088842448018653193', '查看代码方案', 'dc/dcScheme', 'dcScheme', 'dcScheme:read', '1', '0', '0', '1088842448018653188', '', '超级管理员(super)', '2022-07-26 13:21:45', '超级管理员(super)', '2022-07-26 13:21:45', '0', '');
INSERT INTO sys_resource (id, name, code, url, permission, can_permission, is_default, is_locked, router_id, remarks, create_by, create_date, update_by, update_date, del_flag, properties) VALUES ('1088842448018653194', '添加代码方案', 'dc/dcScheme', 'dcScheme', 'dcScheme:create', '1', '0', '0', '1088842448018653188', '', '超级管理员(super)', '2022-07-26 13:21:45', '超级管理员(super)', '2022-07-26 13:21:45', '0', '');
INSERT INTO sys_resource (id, name, code, url, permission, can_permission, is_default, is_locked, router_id, remarks, create_by, create_date, update_by, update_date, del_flag, properties) VALUES ('1088842448018653196', '删除代码方案', 'dc/dcScheme', 'dcScheme', 'dcScheme:delete', '1', '0', '0', '1088842448018653188', '', '超级管理员(super)', '2022-07-26 13:21:45', '超级管理员(super)', '2022-07-26 13:21:45', '0', '');
INSERT INTO sys_resource (id, name, code, url, permission, can_permission, is_default, is_locked, router_id, remarks, create_by, create_date, update_by, update_date, del_flag, properties) VALUES ('1130517735470399508', '定时任务状态', 'schedule/scheduleJob', 'scheduleJob', 'scheduleJob:status', '1', '0', '0', '683902640570327041', 'status：定时任务状态，0暂停 1启动', '超级管理员(super)', '2022-08-23 15:37:44', '超级管理员(super)', '2022-08-23 15:56:21', '0', '');
INSERT INTO sys_resource (id, name, code, url, permission, can_permission, is_default, is_locked, router_id, remarks, create_by, create_date, update_by, update_date, del_flag, properties) VALUES ('1162895604136402947', '添加前端方案', 'dc/dcClienScheme', 'dcClienScheme', 'dcClienScheme:create', '1', '0', '0', '1162895604136402945', '', '超级管理员(super)', '2022-09-14 10:40:28', '超级管理员(super)', '2022-09-14 10:40:28', '0', '');
INSERT INTO sys_resource (id, name, code, url, permission, can_permission, is_default, is_locked, router_id, remarks, create_by, create_date, update_by, update_date, del_flag, properties) VALUES ('1162895604136402948', '删除前端方案', 'dc/dcClienScheme', 'dcClienScheme', 'dcClienScheme:delete', '1', '0', '0', '1162895604136402945', '', '超级管理员(super)', '2022-09-14 10:40:28', '超级管理员(super)', '2022-09-14 10:40:28', '0', '');
INSERT INTO sys_resource (id, name, code, url, permission, can_permission, is_default, is_locked, router_id, remarks, create_by, create_date, update_by, update_date, del_flag, properties) VALUES ('1162895604136402949', '导出前端方案', 'dc/dcClienScheme', 'dcClienScheme', 'dcClienScheme:export', '1', '0', '0', '1162895604136402945', '', '超级管理员(super)', '2022-09-14 10:40:28', '超级管理员(super)', '2022-09-14 10:40:28', '0', '');
INSERT INTO sys_resource (id, name, code, url, permission, can_permission, is_default, is_locked, router_id, remarks, create_by, create_date, update_by, update_date, del_flag, properties) VALUES ('1162895604136402950', '查询前端方案', 'dc/dcClienScheme', 'dcClienScheme', 'dcClienScheme:list', '1', '0', '0', '1162895604136402945', '', '超级管理员(super)', '2022-09-14 10:40:28', '超级管理员(super)', '2022-09-14 10:40:28', '0', '');
INSERT INTO sys_resource (id, name, code, url, permission, can_permission, is_default, is_locked, router_id, remarks, create_by, create_date, update_by, update_date, del_flag, properties) VALUES ('1162895604136402951', '查看前端方案', 'dc/dcClienScheme', 'dcClienScheme', 'dcClienScheme:read', '1', '0', '0', '1162895604136402945', '', '超级管理员(super)', '2022-09-14 10:40:28', '超级管理员(super)', '2022-09-14 10:40:28', '0', '');
INSERT INTO sys_resource (id, name, code, url, permission, can_permission, is_default, is_locked, router_id, remarks, create_by, create_date, update_by, update_date, del_flag, properties) VALUES ('1162895604136402952', '更新前端方案', 'dc/dcClienScheme', 'dcClienScheme', 'dcClienScheme:update', '1', '0', '0', '1162895604136402945', '', '超级管理员(super)', '2022-09-14 10:40:28', '超级管理员(super)', '2022-09-14 10:40:28', '0', '');
INSERT INTO sys_resource (id, name, code, url, permission, can_permission, is_default, is_locked, router_id, remarks, create_by, create_date, update_by, update_date, del_flag, properties) VALUES ('1267118380069445666', '查看后端模板', 'dc/dcTemplate', 'javaTemplate/:typeParam', 'dcTemplate:read', '1', '0', '0', '1154414160417153701', '', '超级管理员(super)', '2022-11-23 16:09:11', '超级管理员(super)', '2022-11-23 16:33:08', '0', '');
INSERT INTO sys_resource (id, name, code, url, permission, can_permission, is_default, is_locked, router_id, remarks, create_by, create_date, update_by, update_date, del_flag, properties) VALUES ('1267118380069445667', '添加后端模板', 'dc/dcTemplate', 'javaTemplate/:typeParam', 'dcTemplate:create', '1', '0', '0', '1154414160417153701', '', '超级管理员(super)', '2022-11-23 16:09:11', '超级管理员(super)', '2022-11-23 16:33:38', '0', '');
INSERT INTO sys_resource (id, name, code, url, permission, can_permission, is_default, is_locked, router_id, remarks, create_by, create_date, update_by, update_date, del_flag, properties) VALUES ('1267118380069445668', '查询后端模板', 'dc/dcTemplate', 'javaTemplate/:typeParam', 'dcTemplate:list', '1', '0', '0', '1154414160417153701', '', '超级管理员(super)', '2022-11-23 16:09:11', '超级管理员(super)', '2022-11-23 16:33:32', '0', '');
INSERT INTO sys_resource (id, name, code, url, permission, can_permission, is_default, is_locked, router_id, remarks, create_by, create_date, update_by, update_date, del_flag, properties) VALUES ('1267118380069445669', '导出后端模板', 'dc/dcTemplate', 'javaTemplate/:typeParam', 'dcTemplate:export', '1', '0', '0', '1154414160417153701', '', '超级管理员(super)', '2022-11-23 16:09:11', '超级管理员(super)', '2022-11-23 16:33:26', '0', '');
INSERT INTO sys_resource (id, name, code, url, permission, can_permission, is_default, is_locked, router_id, remarks, create_by, create_date, update_by, update_date, del_flag, properties) VALUES ('1267118380069445674', '删除后端模板', 'dc/dcTemplate', 'javaTemplate/:typeParam', 'dcTemplate:delete', '1', '0', '0', '1154414160417153701', '', '超级管理员(super)', '2022-11-23 16:09:11', '超级管理员(super)', '2022-11-23 16:33:20', '0', '');
INSERT INTO sys_resource (id, name, code, url, permission, can_permission, is_default, is_locked, router_id, remarks, create_by, create_date, update_by, update_date, del_flag, properties) VALUES ('1267118380069445676', '更新后端模板', 'dc/dcTemplate', 'javaTemplate/:typeParam', 'dcTemplate:update', '1', '0', '0', '1154414160417153701', '', '超级管理员(super)', '2022-11-23 16:09:11', '超级管理员(super)', '2022-11-23 16:33:14', '0', '');
INSERT INTO sys_resource (id, name, code, url, permission, can_permission, is_default, is_locked, router_id, remarks, create_by, create_date, update_by, update_date, del_flag, properties) VALUES ('1267118380069445678', '添加前端模板', 'dc/dcTemplate', 'clienTemplate/:typeParam', 'dcTemplate:create', '1', '0', '0', '1258289971712164100', '', '超级管理员(super)', '2022-11-23 16:13:44', '超级管理员(super)', '2022-11-23 16:34:45', '0', '');
INSERT INTO sys_resource (id, name, code, url, permission, can_permission, is_default, is_locked, router_id, remarks, create_by, create_date, update_by, update_date, del_flag, properties) VALUES ('1267118380069445679', '导出前端模板', 'dc/dcTemplate', 'clienTemplate/:typeParam', 'dcTemplate:export', '1', '0', '0', '1258289971712164100', '', '超级管理员(super)', '2022-11-23 16:13:44', '超级管理员(super)', '2022-11-23 16:34:40', '0', '');
INSERT INTO sys_resource (id, name, code, url, permission, can_permission, is_default, is_locked, router_id, remarks, create_by, create_date, update_by, update_date, del_flag, properties) VALUES ('1267118380069445680', '查询前端模板', 'dc/dcTemplate', 'clienTemplate/:typeParam', 'dcTemplate:list', '1', '0', '0', '1258289971712164100', '', '超级管理员(super)', '2022-11-23 16:13:44', '超级管理员(super)', '2022-11-23 16:34:33', '0', '');
INSERT INTO sys_resource (id, name, code, url, permission, can_permission, is_default, is_locked, router_id, remarks, create_by, create_date, update_by, update_date, del_flag, properties) VALUES ('1267118380069445681', '查看前端模板', 'dc/dcTemplate', 'clienTemplate/:typeParam', 'dcTemplate:read', '1', '0', '0', '1258289971712164100', '', '超级管理员(super)', '2022-11-23 16:13:44', '超级管理员(super)', '2022-11-23 16:34:27', '0', '');
INSERT INTO sys_resource (id, name, code, url, permission, can_permission, is_default, is_locked, router_id, remarks, create_by, create_date, update_by, update_date, del_flag, properties) VALUES ('1267118380069445682', '删除前端模板', 'dc/dcTemplate', 'clienTemplate/:typeParam', 'dcTemplate:delete', '1', '0', '0', '1258289971712164100', '', '超级管理员(super)', '2022-11-23 16:13:44', '超级管理员(super)', '2022-11-23 16:34:20', '0', '');
INSERT INTO sys_resource (id, name, code, url, permission, can_permission, is_default, is_locked, router_id, remarks, create_by, create_date, update_by, update_date, del_flag, properties) VALUES ('1267118380069445688', '更新前端模板', 'dc/dcTemplate', 'clienTemplate/:typeParam', 'dcTemplate:update', '1', '0', '0', '1258289971712164100', '', '超级管理员(super)', '2022-11-23 16:13:44', '超级管理员(super)', '2022-11-23 16:34:13', '0', '');
INSERT INTO sys_resource (id, name, code, url, permission, can_permission, is_default, is_locked, router_id, remarks, create_by, create_date, update_by, update_date, del_flag, properties) VALUES ('1290700275891773442', '删除字典管理', 'sys/sysDictType', 'sysDictType', 'sysDictType:delete', '1', '0', '0', '1290700275891773440', '', '超级管理员(super)', '2022-12-09 13:05:31', '超级管理员(super)', '2022-12-09 13:41:25', '0', '');
INSERT INTO sys_resource (id, name, code, url, permission, can_permission, is_default, is_locked, router_id, remarks, create_by, create_date, update_by, update_date, del_flag, properties) VALUES ('1290700275891773443', '查询字典管理', 'sys/sysDictType', 'sysDictType', 'sysDictType:list', '1', '0', '0', '1290700275891773440', '', '超级管理员(super)', '2022-12-09 13:05:31', '超级管理员(super)', '2022-12-09 13:05:31', '0', '');
INSERT INTO sys_resource (id, name, code, url, permission, can_permission, is_default, is_locked, router_id, remarks, create_by, create_date, update_by, update_date, del_flag, properties) VALUES ('1290700275891773444', '导出字典管理', 'sys/sysDictType', 'sysDictType', 'sysDictType:export', '1', '0', '0', '1290700275891773440', '', '超级管理员(super)', '2022-12-09 13:05:31', '超级管理员(super)', '2022-12-09 13:05:31', '0', '');
INSERT INTO sys_resource (id, name, code, url, permission, can_permission, is_default, is_locked, router_id, remarks, create_by, create_date, update_by, update_date, del_flag, properties) VALUES ('1290700275891773445', '查看字典管理', 'sys/sysDictType', 'sysDictType', 'sysDictType:read', '1', '0', '0', '1290700275891773440', '', '超级管理员(super)', '2022-12-09 13:05:31', '超级管理员(super)', '2022-12-09 13:05:31', '0', '');
INSERT INTO sys_resource (id, name, code, url, permission, can_permission, is_default, is_locked, router_id, remarks, create_by, create_date, update_by, update_date, del_flag, properties) VALUES ('1290700275891773446', '添加字典管理', 'sys/sysDictType', 'sysDictType', 'sysDictType:create', '1', '0', '0', '1290700275891773440', '', '超级管理员(super)', '2022-12-09 13:05:31', '超级管理员(super)', '2022-12-09 13:05:31', '0', '');
INSERT INTO sys_resource (id, name, code, url, permission, can_permission, is_default, is_locked, router_id, remarks, create_by, create_date, update_by, update_date, del_flag, properties) VALUES ('1290700275891773452', '更新字典管理', 'sys/sysDictType', 'sysDictType', 'sysDictType:update', '1', '0', '0', '1290700275891773440', '', '超级管理员(super)', '2022-12-09 13:05:31', '超级管理员(super)', '2022-12-09 13:05:31', '0', '');
INSERT INTO sys_resource (id, name, code, url, permission, can_permission, is_default, is_locked, router_id, remarks, create_by, create_date, update_by, update_date, del_flag, properties) VALUES ('1297991515453702200', '查询公司编码规则', 'sys/companyCodeRule', 'companyCodeRule', 'companyCodeRule:list', '1', '0', '0', '1297991515453702189', '', '超级管理员(super)', '2022-12-14 11:57:17', '超级管理员(super)', '2022-12-14 11:57:17', '0', '');
INSERT INTO sys_resource (id, name, code, url, permission, can_permission, is_default, is_locked, router_id, remarks, create_by, create_date, update_by, update_date, del_flag, properties) VALUES ('1297991515453702201', '更新公司编码规则', 'sys/companyCodeRule', 'companyCodeRule', 'companyCodeRule:update', '1', '0', '0', '1297991515453702189', '', '超级管理员(super)', '2022-12-14 11:57:17', '超级管理员(super)', '2022-12-14 11:57:17', '0', '');
INSERT INTO sys_resource (id, name, code, url, permission, can_permission, is_default, is_locked, router_id, remarks, create_by, create_date, update_by, update_date, del_flag, properties) VALUES ('1297991515453702202', '添加公司编码规则', 'sys/companyCodeRule', 'companyCodeRule', 'companyCodeRule:create', '1', '0', '0', '1297991515453702189', '', '超级管理员(super)', '2022-12-14 11:57:17', '超级管理员(super)', '2022-12-14 11:57:17', '0', '');
INSERT INTO sys_resource (id, name, code, url, permission, can_permission, is_default, is_locked, router_id, remarks, create_by, create_date, update_by, update_date, del_flag, properties) VALUES ('1297991515453702203', '查看公司编码规则', 'sys/companyCodeRule', 'companyCodeRule', 'companyCodeRule:read', '1', '0', '0', '1297991515453702189', '', '超级管理员(super)', '2022-12-14 11:57:17', '超级管理员(super)', '2022-12-14 11:57:17', '0', '');
INSERT INTO sys_resource (id, name, code, url, permission, can_permission, is_default, is_locked, router_id, remarks, create_by, create_date, update_by, update_date, del_flag, properties) VALUES ('1297991515453702204', '导出公司编码规则', 'sys/companyCodeRule', 'companyCodeRule', 'companyCodeRule:export', '1', '0', '0', '1297991515453702189', '', '超级管理员(super)', '2022-12-14 11:57:17', '超级管理员(super)', '2022-12-14 11:57:17', '0', '');
INSERT INTO sys_resource (id, name, code, url, permission, can_permission, is_default, is_locked, router_id, remarks, create_by, create_date, update_by, update_date, del_flag, properties) VALUES ('1297991515453702205', '删除公司编码规则', 'sys/companyCodeRule', 'companyCodeRule', 'companyCodeRule:delete', '1', '0', '0', '1297991515453702189', '', '超级管理员(super)', '2022-12-14 11:57:17', '超级管理员(super)', '2022-12-14 11:57:17', '0', '');
INSERT INTO sys_resource (id, name, code, url, permission, can_permission, is_default, is_locked, router_id, remarks, create_by, create_date, update_by, update_date, del_flag, properties) VALUES ('1297991515453702453', '删除公司编号规则', 'sys/companyCodeRule', 'companyCodeRule', 'companyCodeRule:delete', '0', '0', '0', '3025', '', '超级管理员(super)', '2022-12-14 13:22:31', '超级管理员(super)', '2023-01-06 12:28:13', '0', '');
INSERT INTO sys_resource (id, name, code, url, permission, can_permission, is_default, is_locked, router_id, remarks, create_by, create_date, update_by, update_date, del_flag, properties) VALUES ('1297991515453702454', '查询公司编号规则', 'sys/companyCodeRule', 'companyCodeRule', 'companyCodeRule:list', '1', '0', '0', '3025', '', '超级管理员(super)', '2022-12-14 13:22:31', '超级管理员(super)', '2022-12-14 13:22:31', '0', '');
INSERT INTO sys_resource (id, name, code, url, permission, can_permission, is_default, is_locked, router_id, remarks, create_by, create_date, update_by, update_date, del_flag, properties) VALUES ('1297991515453702455', '更新公司编号规则', 'sys/companyCodeRule', 'companyCodeRule', 'companyCodeRule:update', '1', '0', '0', '3025', '', '超级管理员(super)', '2022-12-14 13:22:31', '超级管理员(super)', '2022-12-14 13:22:31', '0', '');
INSERT INTO sys_resource (id, name, code, url, permission, can_permission, is_default, is_locked, router_id, remarks, create_by, create_date, update_by, update_date, del_flag, properties) VALUES ('1297991515453702456', '查看公司编号规则', 'sys/companyCodeRule', 'companyCodeRule', 'companyCodeRule:read', '1', '0', '0', '3025', '', '超级管理员(super)', '2022-12-14 13:22:31', '超级管理员(super)', '2022-12-14 13:22:31', '0', '');
INSERT INTO sys_resource (id, name, code, url, permission, can_permission, is_default, is_locked, router_id, remarks, create_by, create_date, update_by, update_date, del_flag, properties) VALUES ('1297991515453702457', '导出公司编号规则', 'sys/companyCodeRule', 'companyCodeRule', 'companyCodeRule:export', '1', '0', '0', '3025', '', '超级管理员(super)', '2022-12-14 13:22:31', '超级管理员(super)', '2022-12-14 13:22:31', '0', '');
INSERT INTO sys_resource (id, name, code, url, permission, can_permission, is_default, is_locked, router_id, remarks, create_by, create_date, update_by, update_date, del_flag, properties) VALUES ('1297991515453702458', '添加公司编号规则', 'sys/companyCodeRule', 'companyCodeRule', 'companyCodeRule:create', '0', '0', '0', '3025', '', '超级管理员(super)', '2022-12-14 13:22:31', '超级管理员(super)', '2023-01-06 12:28:05', '0', '');
INSERT INTO sys_resource (id, name, code, url, permission, can_permission, is_default, is_locked, router_id, remarks, create_by, create_date, update_by, update_date, del_flag, properties) VALUES ('1300250874409992206', '查询test1', 'test/test1', 'test1', 'test1:list', '1', '0', '0', '1289259073845559317', '', '超级管理员(super)', '2022-12-15 23:35:18', '超级管理员(super)', '2022-12-15 23:35:18', '0', '');
INSERT INTO sys_resource (id, name, code, url, permission, can_permission, is_default, is_locked, router_id, remarks, create_by, create_date, update_by, update_date, del_flag, properties) VALUES ('1300250874409992208', '删除test1', 'test/test1', 'test1', 'test1:delete', '1', '0', '0', '1289259073845559317', '', '超级管理员(super)', '2022-12-15 23:35:19', '超级管理员(super)', '2022-12-15 23:35:50', '0', '');
INSERT INTO sys_resource (id, name, code, url, permission, can_permission, is_default, is_locked, router_id, remarks, create_by, create_date, update_by, update_date, del_flag, properties) VALUES ('1300250874409992209', '查看test1', 'test/test1', 'test1', 'test1:read', '1', '0', '0', '1289259073845559317', '', '超级管理员(super)', '2022-12-15 23:35:19', '超级管理员(super)', '2022-12-15 23:35:57', '0', '');
INSERT INTO sys_resource (id, name, code, url, permission, can_permission, is_default, is_locked, router_id, remarks, create_by, create_date, update_by, update_date, del_flag, properties) VALUES ('1300250874409992210', '导出test1', 'test/test1', 'test1', 'test1:export', '1', '0', '0', '1289259073845559317', '', '超级管理员(super)', '2022-12-15 23:35:19', '超级管理员(super)', '2022-12-15 23:35:19', '0', '');
INSERT INTO sys_resource (id, name, code, url, permission, can_permission, is_default, is_locked, router_id, remarks, create_by, create_date, update_by, update_date, del_flag, properties) VALUES ('1300250874409992211', '更新test1', 'test/test1', 'test1', 'test1:update', '1', '0', '0', '1289259073845559317', '', '超级管理员(super)', '2022-12-15 23:35:19', '超级管理员(super)', '2023-01-06 10:41:39', '0', '');
INSERT INTO sys_resource (id, name, code, url, permission, can_permission, is_default, is_locked, router_id, remarks, create_by, create_date, update_by, update_date, del_flag, properties) VALUES ('1300250874409992212', '添加test1', 'test/test1', 'test1', 'test1:create', '1', '0', '0', '1289259073845559317', '', '超级管理员(super)', '2022-12-15 23:35:19', '超级管理员(super)', '2023-01-06 10:41:43', '0', '');
INSERT INTO sys_resource (id, name, code, url, permission, can_permission, is_default, is_locked, router_id, remarks, create_by, create_date, update_by, update_date, del_flag, properties) VALUES ('1307066489292898320', '查询test22', 'test/test2', 'test2', 'test2:list', '1', '0', '0', '1301263747957571585', '', '超级管理员(super)', '2022-12-20 13:53:51', '超级管理员(super)', '2022-12-20 13:53:51', '0', '');
INSERT INTO sys_resource (id, name, code, url, permission, can_permission, is_default, is_locked, router_id, remarks, create_by, create_date, update_by, update_date, del_flag, properties) VALUES ('1307066489292898322', '导出test22', 'test/test2', 'test2', 'test2:export', '1', '0', '0', '1301263747957571585', '', '超级管理员(super)', '2022-12-20 13:53:52', '超级管理员(super)', '2022-12-20 13:53:52', '0', '');
INSERT INTO sys_resource (id, name, code, url, permission, can_permission, is_default, is_locked, router_id, remarks, create_by, create_date, update_by, update_date, del_flag, properties) VALUES ('1307066489292898323', '添加test22', 'test/test2', 'test2', 'test2:create', '1', '0', '0', '1301263747957571585', '', '超级管理员(super)', '2022-12-20 13:53:52', '超级管理员(super)', '2022-12-20 13:53:52', '0', '');
INSERT INTO sys_resource (id, name, code, url, permission, can_permission, is_default, is_locked, router_id, remarks, create_by, create_date, update_by, update_date, del_flag, properties) VALUES ('1307066489292898324', '删除test22', 'test/test2', 'test2', 'test2:delete', '1', '0', '0', '1301263747957571585', '', '超级管理员(super)', '2022-12-20 13:53:52', '超级管理员(super)', '2022-12-20 13:53:52', '0', '');
INSERT INTO sys_resource (id, name, code, url, permission, can_permission, is_default, is_locked, router_id, remarks, create_by, create_date, update_by, update_date, del_flag, properties) VALUES ('1307066489292898325', '更新test22', 'test/test2', 'test2', 'test2:update', '1', '0', '0', '1301263747957571585', '', '超级管理员(super)', '2022-12-20 13:53:52', '超级管理员(super)', '2022-12-20 13:53:52', '0', '');
INSERT INTO sys_resource (id, name, code, url, permission, can_permission, is_default, is_locked, router_id, remarks, create_by, create_date, update_by, update_date, del_flag, properties) VALUES ('1307066489292898326', '查看test22', 'test/test2', 'test2', 'test2:read', '1', '0', '0', '1301263747957571585', '', '超级管理员(super)', '2022-12-20 13:53:52', '超级管理员(super)', '2022-12-20 13:53:52', '0', '');
INSERT INTO sys_resource (id, name, code, url, permission, can_permission, is_default, is_locked, router_id, remarks, create_by, create_date, update_by, update_date, del_flag, properties) VALUES ('1307739459128762735', '查询岗位', 'post/sysPost', 'post', 'sysPost:list', '1', '0', '0', '1307739459128762732', '', '超级管理员(super)', '2022-12-21 09:40:01', '超级管理员(super)', '2022-12-21 09:40:01', '0', '');
INSERT INTO sys_resource (id, name, code, url, permission, can_permission, is_default, is_locked, router_id, remarks, create_by, create_date, update_by, update_date, del_flag, properties) VALUES ('1307739459128762737', '添加岗位', 'post/sysPost', 'post', 'sysPost:create', '1', '0', '0', '1307739459128762732', '', '超级管理员(super)', '2022-12-21 09:40:01', '超级管理员(super)', '2022-12-21 09:40:01', '0', '');
INSERT INTO sys_resource (id, name, code, url, permission, can_permission, is_default, is_locked, router_id, remarks, create_by, create_date, update_by, update_date, del_flag, properties) VALUES ('1307739459128762738', '删除岗位', 'post/sysPost', 'post', 'sysPost:delete', '1', '0', '0', '1307739459128762732', '', '超级管理员(super)', '2022-12-21 09:40:01', '超级管理员(super)', '2022-12-21 09:40:01', '0', '');
INSERT INTO sys_resource (id, name, code, url, permission, can_permission, is_default, is_locked, router_id, remarks, create_by, create_date, update_by, update_date, del_flag, properties) VALUES ('1307739459128762739', '查看岗位', 'post/sysPost', 'post', 'sysPost:read', '1', '0', '0', '1307739459128762732', '', '超级管理员(super)', '2022-12-21 09:40:01', '超级管理员(super)', '2022-12-21 09:40:01', '0', '');
INSERT INTO sys_resource (id, name, code, url, permission, can_permission, is_default, is_locked, router_id, remarks, create_by, create_date, update_by, update_date, del_flag, properties) VALUES ('1307739459128762740', '更新岗位', 'post/sysPost', 'post', 'sysPost:update', '1', '0', '0', '1307739459128762732', '', '超级管理员(super)', '2022-12-21 09:40:01', '超级管理员(super)', '2022-12-21 09:40:01', '0', '');
INSERT INTO sys_resource (id, name, code, url, permission, can_permission, is_default, is_locked, router_id, remarks, create_by, create_date, update_by, update_date, del_flag, properties) VALUES ('1307739459128762741', '导出岗位', 'post/sysPost', 'post', 'sysPost:export', '1', '0', '1', '1307739459128762732', '', '超级管理员(super)', '2022-12-21 09:40:01', '超级管理员(super)', '2022-12-21 09:51:30', '0', '');
INSERT INTO sys_resource (id, name, code, url, permission, can_permission, is_default, is_locked, router_id, remarks, create_by, create_date, update_by, update_date, del_flag, properties) VALUES ('1369625385203523595', '查询请假管理', 'test/leave', 'leave', 'leave:list', '1', '0', '0', '1369625385203523593', '', '超级管理员(super)', '2023-01-31 17:24:55', '超级管理员(super)', '2023-01-31 17:24:55', '0', '');
INSERT INTO sys_resource (id, name, code, url, permission, can_permission, is_default, is_locked, router_id, remarks, create_by, create_date, update_by, update_date, del_flag, properties) VALUES ('1369625385203523597', '添加请假管理', 'test/leave', 'leave', 'leave:create', '1', '0', '0', '1369625385203523593', '', '超级管理员(super)', '2023-01-31 17:24:56', '超级管理员(super)', '2023-01-31 17:24:56', '0', '');
INSERT INTO sys_resource (id, name, code, url, permission, can_permission, is_default, is_locked, router_id, remarks, create_by, create_date, update_by, update_date, del_flag, properties) VALUES ('1369625385203523598', '更新请假管理', 'test/leave', 'leave', 'leave:update', '1', '0', '0', '1369625385203523593', '', '超级管理员(super)', '2023-01-31 17:24:56', '超级管理员(super)', '2023-01-31 17:24:56', '0', '');
INSERT INTO sys_resource (id, name, code, url, permission, can_permission, is_default, is_locked, router_id, remarks, create_by, create_date, update_by, update_date, del_flag, properties) VALUES ('1369625385203523599', '导出请假管理', 'test/leave', 'leave', 'leave:export', '1', '0', '0', '1369625385203523593', '', '超级管理员(super)', '2023-01-31 17:24:56', '超级管理员(super)', '2023-01-31 17:24:56', '0', '');
INSERT INTO sys_resource (id, name, code, url, permission, can_permission, is_default, is_locked, router_id, remarks, create_by, create_date, update_by, update_date, del_flag, properties) VALUES ('1369625385203523600', '查看请假管理', 'test/leave', 'leave', 'leave:read', '1', '0', '0', '1369625385203523593', '', '超级管理员(super)', '2023-01-31 17:24:56', '超级管理员(super)', '2023-01-31 17:24:56', '0', '');
INSERT INTO sys_resource (id, name, code, url, permission, can_permission, is_default, is_locked, router_id, remarks, create_by, create_date, update_by, update_date, del_flag, properties) VALUES ('1369625385203523601', '删除请假管理', 'test/leave', 'leave', 'leave:delete', '1', '0', '0', '1369625385203523593', '', '超级管理员(super)', '2023-01-31 17:24:56', '超级管理员(super)', '2023-01-31 17:24:56', '0', '');
INSERT INTO sys_resource (id, name, code, url, permission, can_permission, is_default, is_locked, router_id, remarks, create_by, create_date, update_by, update_date, del_flag, properties) VALUES ('1369625385203523791', '导出请假管理', 'test/leave', 'leave', 'leave:export', '1', '0', '0', '1369625385203523789', '', '超级管理员(super)', '2023-01-31 17:28:46', '超级管理员(super)', '2023-01-31 17:28:46', '0', '');
INSERT INTO sys_resource (id, name, code, url, permission, can_permission, is_default, is_locked, router_id, remarks, create_by, create_date, update_by, update_date, del_flag, properties) VALUES ('1369625385203523792', '查看请假管理', 'test/leave', 'leave', 'leave:read', '1', '0', '0', '1369625385203523789', '', '超级管理员(super)', '2023-01-31 17:28:46', '超级管理员(super)', '2023-01-31 17:28:46', '0', '');
INSERT INTO sys_resource (id, name, code, url, permission, can_permission, is_default, is_locked, router_id, remarks, create_by, create_date, update_by, update_date, del_flag, properties) VALUES ('1369625385203523793', '更新请假管理', 'test/leave', 'leave', 'leave:update', '1', '0', '0', '1369625385203523789', '', '超级管理员(super)', '2023-01-31 17:28:46', '超级管理员(super)', '2023-01-31 17:28:46', '0', '');
INSERT INTO sys_resource (id, name, code, url, permission, can_permission, is_default, is_locked, router_id, remarks, create_by, create_date, update_by, update_date, del_flag, properties) VALUES ('1369625385203523794', '删除请假管理', 'test/leave', 'leave', 'leave:delete', '1', '0', '0', '1369625385203523789', '', '超级管理员(super)', '2023-01-31 17:28:46', '超级管理员(super)', '2023-01-31 17:28:46', '0', '');
INSERT INTO sys_resource (id, name, code, url, permission, can_permission, is_default, is_locked, router_id, remarks, create_by, create_date, update_by, update_date, del_flag, properties) VALUES ('1369625385203523795', '添加请假管理', 'test/leave', 'leave', 'leave:create', '1', '0', '0', '1369625385203523789', '', '超级管理员(super)', '2023-01-31 17:28:46', '超级管理员(super)', '2023-01-31 17:28:46', '0', '');
INSERT INTO sys_resource (id, name, code, url, permission, can_permission, is_default, is_locked, router_id, remarks, create_by, create_date, update_by, update_date, del_flag, properties) VALUES ('1369625385203523796', '查询请假管理', 'test/leave', 'leave', 'leave:list', '1', '0', '0', '1369625385203523789', '', '超级管理员(super)', '2023-01-31 17:28:46', '超级管理员(super)', '2023-01-31 17:28:46', '0', '');
INSERT INTO sys_resource (id, name, code, url, permission, can_permission, is_default, is_locked, router_id, remarks, create_by, create_date, update_by, update_date, del_flag, properties) VALUES ('1372423264339427332', '导出流程管理', 'test/proc/testProc', 'testProc', 'testProc:export', '1', '0', '0', '1372423264339427330', '', '超级管理员(super)', '2023-02-02 14:38:29', '超级管理员(super)', '2023-02-02 14:38:29', '0', '');
INSERT INTO sys_resource (id, name, code, url, permission, can_permission, is_default, is_locked, router_id, remarks, create_by, create_date, update_by, update_date, del_flag, properties) VALUES ('1372423264339427333', '更新流程管理', 'test/proc/testProc', 'testProc', 'testProc:update', '1', '0', '0', '1372423264339427330', '', '超级管理员(super)', '2023-02-02 14:38:29', '超级管理员(super)', '2023-02-02 14:38:29', '0', '');
INSERT INTO sys_resource (id, name, code, url, permission, can_permission, is_default, is_locked, router_id, remarks, create_by, create_date, update_by, update_date, del_flag, properties) VALUES ('1372423264339427334', '查询流程管理', 'test/proc/testProc', 'testProc', 'testProc:list', '1', '0', '0', '1372423264339427330', '', '超级管理员(super)', '2023-02-02 14:38:29', '超级管理员(super)', '2023-02-02 14:38:29', '0', '');
INSERT INTO sys_resource (id, name, code, url, permission, can_permission, is_default, is_locked, router_id, remarks, create_by, create_date, update_by, update_date, del_flag, properties) VALUES ('1372423264339427335', '添加流程管理', 'test/proc/testProc', 'testProc', 'testProc:create', '1', '0', '0', '1372423264339427330', '', '超级管理员(super)', '2023-02-02 14:38:29', '超级管理员(super)', '2023-02-02 14:38:29', '0', '');
INSERT INTO sys_resource (id, name, code, url, permission, can_permission, is_default, is_locked, router_id, remarks, create_by, create_date, update_by, update_date, del_flag, properties) VALUES ('1372423264339427336', '查看流程管理', 'test/proc/testProc', 'testProc', 'testProc:read', '1', '0', '0', '1372423264339427330', '', '超级管理员(super)', '2023-02-02 14:38:29', '超级管理员(super)', '2023-02-02 14:38:29', '0', '');
INSERT INTO sys_resource (id, name, code, url, permission, can_permission, is_default, is_locked, router_id, remarks, create_by, create_date, update_by, update_date, del_flag, properties) VALUES ('1372423264339427337', '删除流程管理', 'test/proc/testProc', 'testProc', 'testProc:delete', '1', '0', '0', '1372423264339427330', '', '超级管理员(super)', '2023-02-02 14:38:29', '超级管理员(super)', '2023-02-02 14:38:29', '0', '');
INSERT INTO sys_resource (id, name, code, url, permission, can_permission, is_default, is_locked, router_id, remarks, create_by, create_date, update_by, update_date, del_flag, properties) VALUES ('1382949919945637905', '导出报销管理', 'test/expense', 'expense', 'expense:export', '1', '0', '0', '1378415963488714809', '', '超级管理员(super)', '2023-02-09 16:41:12', '超级管理员(super)', '2023-02-09 16:41:12', '0', '');
INSERT INTO sys_resource (id, name, code, url, permission, can_permission, is_default, is_locked, router_id, remarks, create_by, create_date, update_by, update_date, del_flag, properties) VALUES ('1382949919945637906', '删除报销管理', 'test/expense', 'expense', 'expense:delete', '1', '0', '0', '1378415963488714809', '', '超级管理员(super)', '2023-02-09 16:41:12', '超级管理员(super)', '2023-02-09 16:41:12', '0', '');
INSERT INTO sys_resource (id, name, code, url, permission, can_permission, is_default, is_locked, router_id, remarks, create_by, create_date, update_by, update_date, del_flag, properties) VALUES ('1382949919945637907', '查询报销管理', 'test/expense', 'expense', 'expense:list', '1', '0', '0', '1378415963488714809', '', '超级管理员(super)', '2023-02-09 16:41:12', '超级管理员(super)', '2023-02-09 16:41:12', '0', '');
INSERT INTO sys_resource (id, name, code, url, permission, can_permission, is_default, is_locked, router_id, remarks, create_by, create_date, update_by, update_date, del_flag, properties) VALUES ('1382949919945637908', '添加报销管理', 'test/expense', 'expense', 'expense:create', '1', '0', '0', '1378415963488714809', '', '超级管理员(super)', '2023-02-09 16:41:12', '超级管理员(super)', '2023-02-09 16:41:12', '0', '');
INSERT INTO sys_resource (id, name, code, url, permission, can_permission, is_default, is_locked, router_id, remarks, create_by, create_date, update_by, update_date, del_flag, properties) VALUES ('1382949919945637909', '查看报销管理', 'test/expense', 'expense', 'expense:read', '1', '0', '0', '1378415963488714809', '', '超级管理员(super)', '2023-02-09 16:41:12', '超级管理员(super)', '2023-02-09 16:41:12', '0', '');
INSERT INTO sys_resource (id, name, code, url, permission, can_permission, is_default, is_locked, router_id, remarks, create_by, create_date, update_by, update_date, del_flag, properties) VALUES ('1382949919945637915', '更新报销管理', 'test/expense', 'expense', 'expense:update', '1', '0', '0', '1378415963488714809', '', '超级管理员(super)', '2023-02-09 16:41:12', '超级管理员(super)', '2023-02-09 16:41:12', '0', '');
INSERT INTO sys_resource (id, name, code, url, permission, can_permission, is_default, is_locked, router_id, remarks, create_by, create_date, update_by, update_date, del_flag, properties) VALUES ('1390379835411070979', '查询报账', 'test/bz/formMain', 'formMain', 'formMain:list', '1', '0', '0', '1390379835411070977', '', '超级管理员(super)', '2023-02-14 16:47:59', '超级管理员(super)', '2023-02-14 16:47:59', '0', '');
INSERT INTO sys_resource (id, name, code, url, permission, can_permission, is_default, is_locked, router_id, remarks, create_by, create_date, update_by, update_date, del_flag, properties) VALUES ('1390379835411070981', '查看报账', 'test/bz/formMain', 'formMain', 'formMain:read', '1', '0', '0', '1390379835411070977', '', '超级管理员(super)', '2023-02-14 16:47:59', '超级管理员(super)', '2023-02-14 16:47:59', '0', '');
INSERT INTO sys_resource (id, name, code, url, permission, can_permission, is_default, is_locked, router_id, remarks, create_by, create_date, update_by, update_date, del_flag, properties) VALUES ('1390379835411070982', '导出报账', 'test/bz/formMain', 'formMain', 'formMain:export', '1', '0', '0', '1390379835411070977', '', '超级管理员(super)', '2023-02-14 16:47:59', '超级管理员(super)', '2023-02-14 16:47:59', '0', '');
INSERT INTO sys_resource (id, name, code, url, permission, can_permission, is_default, is_locked, router_id, remarks, create_by, create_date, update_by, update_date, del_flag, properties) VALUES ('1390379835411070983', '添加报账', 'test/bz/formMain', 'formMain', 'formMain:create', '1', '0', '0', '1390379835411070977', '', '超级管理员(super)', '2023-02-14 16:47:59', '超级管理员(super)', '2023-02-14 16:47:59', '0', '');
INSERT INTO sys_resource (id, name, code, url, permission, can_permission, is_default, is_locked, router_id, remarks, create_by, create_date, update_by, update_date, del_flag, properties) VALUES ('1390379835411070984', '删除报账', 'test/bz/formMain', 'formMain', 'formMain:delete', '1', '0', '0', '1390379835411070977', '', '超级管理员(super)', '2023-02-14 16:47:59', '超级管理员(super)', '2023-02-14 16:47:59', '0', '');
INSERT INTO sys_resource (id, name, code, url, permission, can_permission, is_default, is_locked, router_id, remarks, create_by, create_date, update_by, update_date, del_flag, properties) VALUES ('1390379835411070988', '更新报账', 'test/bz/formMain', 'formMain', 'formMain:update', '1', '0', '0', '1390379835411070977', '', '超级管理员(super)', '2023-02-14 16:47:59', '超级管理员(super)', '2023-02-14 16:47:59', '0', '');
INSERT INTO sys_resource (id, name, code, url, permission, can_permission, is_default, is_locked, router_id, remarks, create_by, create_date, update_by, update_date, del_flag, properties) VALUES ('1398894745514917935', '查询移动端模板', 'dc/dcTemplate', 'clienTemplate/:typeParam', 'dcTemplate:list', '1', '0', '0', '1398894745514917932', '', '超级管理员(super)', '2023-02-20 11:38:00', '超级管理员(super)', '2023-02-20 11:38:00', '0', '');
INSERT INTO sys_resource (id, name, code, url, permission, can_permission, is_default, is_locked, router_id, remarks, create_by, create_date, update_by, update_date, del_flag, properties) VALUES ('1398894745514917936', '查看移动端模板', 'dc/dcTemplate', 'clienTemplate/:typeParam', 'dcTemplate:read', '1', '0', '0', '1398894745514917932', '', '超级管理员(super)', '2023-02-20 11:38:00', '超级管理员(super)', '2023-02-20 11:38:00', '0', '');
INSERT INTO sys_resource (id, name, code, url, permission, can_permission, is_default, is_locked, router_id, remarks, create_by, create_date, update_by, update_date, del_flag, properties) VALUES ('1398894745514917937', '导出移动端模板', 'dc/dcTemplate', 'clienTemplate/:typeParam', 'dcTemplate:export', '1', '0', '0', '1398894745514917932', '', '超级管理员(super)', '2023-02-20 11:38:00', '超级管理员(super)', '2023-02-20 11:38:00', '0', '');
INSERT INTO sys_resource (id, name, code, url, permission, can_permission, is_default, is_locked, router_id, remarks, create_by, create_date, update_by, update_date, del_flag, properties) VALUES ('1398894745514917938', '添加移动端模板', 'dc/dcTemplate', 'clienTemplate/:typeParam', 'dcTemplate:create', '1', '0', '0', '1398894745514917932', '', '超级管理员(super)', '2023-02-20 11:38:00', '超级管理员(super)', '2023-02-20 11:38:00', '0', '');
INSERT INTO sys_resource (id, name, code, url, permission, can_permission, is_default, is_locked, router_id, remarks, create_by, create_date, update_by, update_date, del_flag, properties) VALUES ('1398894745514917943', '删除移动端模板', 'dc/dcTemplate', 'clienTemplate/:typeParam', 'dcTemplate:delete', '1', '0', '0', '1398894745514917932', '', '超级管理员(super)', '2023-02-20 11:38:01', '超级管理员(super)', '2023-02-20 11:38:01', '0', '');
INSERT INTO sys_resource (id, name, code, url, permission, can_permission, is_default, is_locked, router_id, remarks, create_by, create_date, update_by, update_date, del_flag, properties) VALUES ('1398894745514917945', '更新移动端模板', 'dc/dcTemplate', 'clienTemplate/:typeParam', 'dcTemplate:update', '1', '0', '0', '1398894745514917932', '', '超级管理员(super)', '2023-02-20 11:38:01', '超级管理员(super)', '2023-02-20 11:38:01', '0', '');
INSERT INTO sys_resource (id, name, code, url, permission, can_permission, is_default, is_locked, router_id, remarks, create_by, create_date, update_by, update_date, del_flag, properties) VALUES ('1399178814651924493', '查询移动端方案', 'dc/dcMobileScheme', 'dcMobileScheme', 'dcMobileScheme:list', '1', '0', '0', '1399178814651924491', '', '超级管理员(super)', '2023-02-20 15:19:28', '超级管理员(super)', '2023-02-20 15:19:28', '0', '');
INSERT INTO sys_resource (id, name, code, url, permission, can_permission, is_default, is_locked, router_id, remarks, create_by, create_date, update_by, update_date, del_flag, properties) VALUES ('1399178814651924495', '查看移动端方案', 'dc/dcMobileScheme', 'dcMobileScheme', 'dcMobileScheme:read', '1', '0', '0', '1399178814651924491', '', '超级管理员(super)', '2023-02-20 15:19:29', '超级管理员(super)', '2023-02-20 15:19:29', '0', '');
INSERT INTO sys_resource (id, name, code, url, permission, can_permission, is_default, is_locked, router_id, remarks, create_by, create_date, update_by, update_date, del_flag, properties) VALUES ('1399178814651924496', '添加移动端方案', 'dc/dcMobileScheme', 'dcMobileScheme', 'dcMobileScheme:create', '1', '0', '0', '1399178814651924491', '', '超级管理员(super)', '2023-02-20 15:19:29', '超级管理员(super)', '2023-02-20 15:19:29', '0', '');
INSERT INTO sys_resource (id, name, code, url, permission, can_permission, is_default, is_locked, router_id, remarks, create_by, create_date, update_by, update_date, del_flag, properties) VALUES ('1399178814651924497', '导出移动端方案', 'dc/dcMobileScheme', 'dcMobileScheme', 'dcMobileScheme:export', '1', '0', '0', '1399178814651924491', '', '超级管理员(super)', '2023-02-20 15:19:29', '超级管理员(super)', '2023-02-20 15:19:29', '0', '');
INSERT INTO sys_resource (id, name, code, url, permission, can_permission, is_default, is_locked, router_id, remarks, create_by, create_date, update_by, update_date, del_flag, properties) VALUES ('1399178814651924501', '更新移动端方案', 'dc/dcMobileScheme', 'dcMobileScheme', 'dcMobileScheme:update', '1', '0', '0', '1399178814651924491', '', '超级管理员(super)', '2023-02-20 15:19:29', '超级管理员(super)', '2023-02-20 15:19:29', '0', '');
INSERT INTO sys_resource (id, name, code, url, permission, can_permission, is_default, is_locked, router_id, remarks, create_by, create_date, update_by, update_date, del_flag, properties) VALUES ('1399178814651924502', '删除移动端方案', 'dc/dcMobileScheme', 'dcMobileScheme', 'dcMobileScheme:delete', '1', '0', '0', '1399178814651924491', '', '超级管理员(super)', '2023-02-20 15:19:29', '超级管理员(super)', '2023-02-20 15:19:29', '0', '');
INSERT INTO sys_resource (id, name, code, url, permission, can_permission, is_default, is_locked, router_id, remarks, create_by, create_date, update_by, update_date, del_flag, properties) VALUES ('1434767085467328524', '删除租户管理', '/ten/tenant', 'tenant', 'tenant:delete', '0', '0', '0', '1434767085467328521', '', '超级管理员(super)', '2023-03-16 14:32:27', '超级管理员(super)', '2023-03-16 14:32:47', '0', '');
INSERT INTO sys_resource (id, name, code, url, permission, can_permission, is_default, is_locked, router_id, remarks, create_by, create_date, update_by, update_date, del_flag, properties) VALUES ('1434767085467328525', '查询租户管理', '/ten/tenant', 'tenant', 'tenant:list', '1', '0', '0', '1434767085467328521', '', '超级管理员(super)', '2023-03-16 14:32:27', '超级管理员(super)', '2023-03-16 14:32:27', '0', '');
INSERT INTO sys_resource (id, name, code, url, permission, can_permission, is_default, is_locked, router_id, remarks, create_by, create_date, update_by, update_date, del_flag, properties) VALUES ('1434767085467328526', '导出租户管理', '/ten/tenant', 'tenant', 'tenant:export', '0', '0', '0', '1434767085467328521', '', '超级管理员(super)', '2023-03-16 14:32:27', '超级管理员(super)', '2023-03-16 14:32:52', '0', '');
INSERT INTO sys_resource (id, name, code, url, permission, can_permission, is_default, is_locked, router_id, remarks, create_by, create_date, update_by, update_date, del_flag, properties) VALUES ('1434767085467328527', '添加租户管理', '/ten/tenant', 'tenant', 'tenant:create', '0', '0', '0', '1434767085467328521', '', '超级管理员(super)', '2023-03-16 14:32:27', '超级管理员(super)', '2023-03-16 14:32:56', '0', '');
INSERT INTO sys_resource (id, name, code, url, permission, can_permission, is_default, is_locked, router_id, remarks, create_by, create_date, update_by, update_date, del_flag, properties) VALUES ('1434767085467328528', '查看租户管理', '/ten/tenant', 'tenant', 'tenant:read', '1', '0', '0', '1434767085467328521', '', '超级管理员(super)', '2023-03-16 14:32:27', '超级管理员(super)', '2023-03-16 14:32:27', '0', '');
INSERT INTO sys_resource (id, name, code, url, permission, can_permission, is_default, is_locked, router_id, remarks, create_by, create_date, update_by, update_date, del_flag, properties) VALUES ('1434767085467328529', '更新租户管理', '/ten/tenant', 'tenant', 'tenant:update', '0', '0', '0', '1434767085467328521', '', '超级管理员(super)', '2023-03-16 14:32:27', '超级管理员(super)', '2023-03-16 14:33:01', '0', '');
INSERT INTO sys_resource (id, name, code, url, permission, can_permission, is_default, is_locked, router_id, remarks, create_by, create_date, update_by, update_date, del_flag, properties) VALUES ('1441971120012550148', '添加测试-用户', 'test/user/testUser', 'testUser', 'testUser:create', '1', '0', '0', '1441971120012550146', '', '超级管理员(super)', '2023-03-21 10:59:31', '超级管理员(super)', '2023-03-21 10:59:31', '0', '');
INSERT INTO sys_resource (id, name, code, url, permission, can_permission, is_default, is_locked, router_id, remarks, create_by, create_date, update_by, update_date, del_flag, properties) VALUES ('1441971120012550149', '导出测试-用户', 'test/user/testUser', 'testUser', 'testUser:export', '1', '0', '0', '1441971120012550146', '', '超级管理员(super)', '2023-03-21 10:59:31', '超级管理员(super)', '2023-03-21 10:59:31', '0', '');
INSERT INTO sys_resource (id, name, code, url, permission, can_permission, is_default, is_locked, router_id, remarks, create_by, create_date, update_by, update_date, del_flag, properties) VALUES ('1441971120012550150', '删除测试-用户', 'test/user/testUser', 'testUser', 'testUser:delete', '1', '0', '0', '1441971120012550146', '', '超级管理员(super)', '2023-03-21 10:59:31', '超级管理员(super)', '2023-03-21 10:59:31', '0', '');
INSERT INTO sys_resource (id, name, code, url, permission, can_permission, is_default, is_locked, router_id, remarks, create_by, create_date, update_by, update_date, del_flag, properties) VALUES ('1441971120012550151', '查询测试-用户', 'test/user/testUser', 'testUser', 'testUser:list', '1', '0', '0', '1441971120012550146', '', '超级管理员(super)', '2023-03-21 10:59:31', '超级管理员(super)', '2023-03-21 10:59:31', '0', '');
INSERT INTO sys_resource (id, name, code, url, permission, can_permission, is_default, is_locked, router_id, remarks, create_by, create_date, update_by, update_date, del_flag, properties) VALUES ('1441971120012550155', '查看测试-用户', 'test/user/testUser', 'testUser', 'testUser:read', '1', '0', '0', '1441971120012550146', '', '超级管理员(super)', '2023-03-21 10:59:31', '超级管理员(super)', '2023-03-21 10:59:31', '0', '');
INSERT INTO sys_resource (id, name, code, url, permission, can_permission, is_default, is_locked, router_id, remarks, create_by, create_date, update_by, update_date, del_flag, properties) VALUES ('1441971120012550156', '更新测试-用户', 'test/user/testUser', 'testUser', 'testUser:update', '1', '0', '0', '1441971120012550146', '', '超级管理员(super)', '2023-03-21 10:59:31', '超级管理员(super)', '2023-03-21 10:59:31', '0', '');


-- 字典类型
INSERT INTO sys_dict_type (id, code, name, is_system, remarks, create_by, create_date, update_by, update_date, del_flag) VALUES ('5000', 'actionType', '操作类型','1', '操作日志中的操作类型', '系统管理员(system)', '2019-12-05 15:07:33', '系统管理员(system)', '2019-12-13 15:34:29', '0');
INSERT INTO sys_dict_type (id, code, name, is_system, remarks, create_by, create_date, update_by, update_date, del_flag) VALUES ('5005', 'wfStatus', '工作流审批状态','1', '业务单据的数据状态', '系统管理员(system)', '2020-05-30 22:06:55', '超级管理员(super)', '2022-01-28 12:09:49', '0');


-- 字典项
INSERT INTO sys_dict_item (id, dict_type_id, name, value, remarks, create_by, create_date, update_by, update_date, del_flag) VALUES ('8001', '5000', '登录', 'login', '', '系统管理员(system)', '2019-12-05 15:07:33', '系统管理员(system)', '2019-12-13 15:34:29', '0');
INSERT INTO sys_dict_item (id, dict_type_id, name, value, remarks, create_by, create_date, update_by, update_date, del_flag) VALUES ('8007', '5000', '删除', 'deleted', '', '系统管理员(system)', '2019-12-05 15:07:33', '系统管理员(system)', '2019-12-13 15:34:29', '0');
INSERT INTO sys_dict_item (id, dict_type_id, name, value, remarks, create_by, create_date, update_by, update_date, del_flag) VALUES ('8012', '5000', '登出', 'logout', '', '系统管理员(system)', '2019-12-05 15:07:33', '系统管理员(system)', '2019-12-13 15:34:29', '0');
INSERT INTO sys_dict_item (id, dict_type_id, name, value, remarks, create_by, create_date, update_by, update_date, del_flag) VALUES ('8013', '5000', '修改', 'updated', '', '系统管理员(system)', '2019-12-05 15:07:33', '系统管理员(system)', '2019-12-13 15:34:29', '0');
INSERT INTO sys_dict_item (id, dict_type_id, name, value, remarks, create_by, create_date, update_by, update_date, del_flag) VALUES ('8037', '5000', '还原', 'restored', '', '系统管理员(system)', '2019-12-05 15:07:33', '系统管理员(system)', '2019-12-13 15:34:29', '0');
INSERT INTO sys_dict_item (id, dict_type_id, name, value, remarks, create_by, create_date, update_by, update_date, del_flag) VALUES ('8038', '5000', '查询列表', 'listed', '', '系统管理员(system)', '2019-12-05 15:07:33', '系统管理员(system)', '2019-12-13 15:34:29', '0');
INSERT INTO sys_dict_item (id, dict_type_id, name, value, remarks, create_by, create_date, update_by, update_date, del_flag) VALUES ('8039', '5000', '创建', 'created', '', '系统管理员(system)', '2019-12-05 15:07:33', '系统管理员(system)', '2019-12-13 15:34:29', '0');
INSERT INTO sys_dict_item (id, dict_type_id, name, value, remarks, create_by, create_date, update_by, update_date, del_flag) VALUES ('8044', '5005', '已审批', 'COMPLETED', '', '系统管理员(system)', '2020-05-30 22:06:56', '超级管理员(super)', '2022-01-28 12:09:49', '0');
INSERT INTO sys_dict_item (id, dict_type_id, name, value, remarks, create_by, create_date, update_by, update_date, del_flag) VALUES ('8045', '5005', '审批中', 'ACTIVE', '', '系统管理员(system)', '2020-05-30 22:06:56', '超级管理员(super)', '2022-01-28 12:09:49', '0');
INSERT INTO sys_dict_item (id, dict_type_id, name, value, remarks, create_by, create_date, update_by, update_date, del_flag) VALUES ('8046', '5005', '已终止', 'TERMINATED', '', '系统管理员(system)', '2020-05-30 22:06:56', '超级管理员(super)', '2022-01-28 12:09:49', '0');
INSERT INTO sys_dict_item (id, dict_type_id, name, value, remarks, create_by, create_date, update_by, update_date, del_flag) VALUES ('8047', '5005', '草稿', 'DRAFT', '', '系统管理员(system)', '2020-05-30 22:06:56', '超级管理员(super)', '2022-01-28 12:09:49', '0');


-- 角色路由
INSERT INTO sys_router_permission (id, role_id, router_id) VALUES ('20003024', '2000', '3024');
INSERT INTO sys_router_permission (id, role_id, router_id) VALUES ('20003026', '2000', '3026');
INSERT INTO sys_router_permission (id, role_id, router_id) VALUES ('20007041', '2000', '683902640570327041');
INSERT INTO sys_router_permission (id, role_id, router_id) VALUES ('20007042', '2000', '1088842448018653188');
INSERT INTO sys_router_permission (id, role_id, router_id) VALUES ('30223022', '2000', '1290700275891773440');
INSERT INTO sys_router_permission (id, role_id, router_id) VALUES ('200030123', '2000', '1290700275891773440');
INSERT INTO sys_router_permission (id, role_id, router_id) VALUES ('196676929125098722', '2000', '1290700275891773440');
INSERT INTO sys_router_permission (id, role_id, router_id) VALUES ('196676929125998720', '2000', '3007');
INSERT INTO sys_router_permission (id, role_id, router_id) VALUES ('196676929125998721', '2000', '3003');
INSERT INTO sys_router_permission (id, role_id, router_id) VALUES ('196676929125998722', '2000', '3011');
INSERT INTO sys_router_permission (id, role_id, router_id) VALUES ('196676929125998723', '2000', '3009');
INSERT INTO sys_router_permission (id, role_id, router_id) VALUES ('196676929125998724', '2000', '3006');
INSERT INTO sys_router_permission (id, role_id, router_id) VALUES ('196676929125998725', '2000', '3002');
INSERT INTO sys_router_permission (id, role_id, router_id) VALUES ('196676929125998726', '2000', '3008');
INSERT INTO sys_router_permission (id, role_id, router_id) VALUES ('196676929125998727', '2000', '3004');
INSERT INTO sys_router_permission (id, role_id, router_id) VALUES ('842593143775242410', '2000', '1088842448018653184');
INSERT INTO sys_router_permission (id, role_id, router_id) VALUES ('842593143775242411', '2000', '1088842448018653188');
INSERT INTO sys_router_permission (id, role_id, router_id) VALUES ('842593143775242412', '2000', '1154414160417153701');
INSERT INTO sys_router_permission (id, role_id, router_id) VALUES ('842593143775242413', '2000', '1162895604136402945');
INSERT INTO sys_router_permission (id, role_id, router_id) VALUES ('842593143775242414', '2000', '1258289971712164100');
INSERT INTO sys_router_permission (id, role_id, router_id) VALUES ('5706190642049434060', '2000', '570619064204943406');
INSERT INTO sys_router_permission (id, role_id, router_id) VALUES ('5706190642049434081', '2000', '1398894745514917932');
INSERT INTO sys_router_permission (id, role_id, router_id) VALUES ('5706190642049434082', '2000', '1399178814651924491');
INSERT INTO sys_router_permission (id, role_id, router_id) VALUES ('3022', '2001', '3022');
INSERT INTO sys_router_permission (id, role_id, router_id) VALUES ('3023', '2001', '3023');
INSERT INTO sys_router_permission (id, role_id, router_id) VALUES ('20013011', '2001', '3011');
INSERT INTO sys_router_permission (id, role_id, router_id) VALUES ('20013018', '2001', '1290700275891773440');
INSERT INTO sys_router_permission (id, role_id, router_id) VALUES ('20013024', '2001', '3024');
INSERT INTO sys_router_permission (id, role_id, router_id) VALUES ('20013026', '2001', '3026');
INSERT INTO sys_router_permission (id, role_id, router_id) VALUES ('20017041', '2001', '683902640570327041');
INSERT INTO sys_router_permission (id, role_id, router_id) VALUES ('196676122626', '2001', '1307739459128762732');
INSERT INTO sys_router_permission (id, role_id, router_id) VALUES ('196676122627', '2001', '1434767085467328521');
INSERT INTO sys_router_permission (id, role_id, router_id) VALUES ('196676929125998629', '2001', '3012');
INSERT INTO sys_router_permission (id, role_id, router_id) VALUES ('196676929125998630', '2001', '3013');
INSERT INTO sys_router_permission (id, role_id, router_id) VALUES ('196676929125998631', '2001', '3014');
INSERT INTO sys_router_permission (id, role_id, router_id) VALUES ('196676929125998632', '2001', '3015');
INSERT INTO sys_router_permission (id, role_id, router_id) VALUES ('196676929125998633', '2001', '3016');
INSERT INTO sys_router_permission (id, role_id, router_id) VALUES ('196676929125998637', '2001', '3001');
INSERT INTO sys_router_permission (id, role_id, router_id) VALUES ('196676929125998638', '2001', '3000');
INSERT INTO sys_router_permission (id, role_id, router_id) VALUES ('196676929125998639', '2001', '3009');
INSERT INTO sys_router_permission (id, role_id, router_id) VALUES ('196676929125998640', '2001', '70679339033575427');
INSERT INTO sys_router_permission (id, role_id, router_id) VALUES ('196676929125998641', '2001', '41105517082353664');
INSERT INTO sys_router_permission (id, role_id, router_id) VALUES ('196676929125998642', '2001', '52959231682854912');
INSERT INTO sys_router_permission (id, role_id, router_id) VALUES ('196676929125998643', '2001', '3010');
INSERT INTO sys_router_permission (id, role_id, router_id) VALUES ('196676929125998644', '2001', '3005');
INSERT INTO sys_router_permission (id, role_id, router_id) VALUES ('196676929125998645', '2001', '3017');
INSERT INTO sys_router_permission (id, role_id, router_id) VALUES ('196676929125998646', '2001', '3018');
INSERT INTO sys_router_permission (id, role_id, router_id) VALUES ('196676929125998647', '2001', '3004');
INSERT INTO sys_router_permission (id, role_id, router_id) VALUES ('842593143775242403', '2001', '842593143775241813');
INSERT INTO sys_router_permission (id, role_id, router_id) VALUES ('5706190642049434061', '2001', '570619064204943406');


-- 角色资源
INSERT INTO sys_resource_permission (id, role_id, resource_id) VALUES ('70472000', '2000', '683902640570327047');
INSERT INTO sys_resource_permission (id, role_id, resource_id) VALUES ('70492000', '2000', '683902640570327049');
INSERT INTO sys_resource_permission (id, role_id, resource_id) VALUES ('70502000', '2000', '683902640570327050');
INSERT INTO sys_resource_permission (id, role_id, resource_id) VALUES ('70512000', '2000', '683902640570327051');
INSERT INTO sys_resource_permission (id, role_id, resource_id) VALUES ('70522000', '2000', '683902640570327052');
INSERT INTO sys_resource_permission (id, role_id, resource_id) VALUES ('70562000', '2000', '683902640570327056');
INSERT INTO sys_resource_permission (id, role_id, resource_id) VALUES ('90839083', '2000', '1290700275891773442');
INSERT INTO sys_resource_permission (id, role_id, resource_id) VALUES ('90839084', '2000', '1290700275891773443');
INSERT INTO sys_resource_permission (id, role_id, resource_id) VALUES ('90839085', '2000', '1290700275891773444');
INSERT INTO sys_resource_permission (id, role_id, resource_id) VALUES ('90839086', '2000', '1290700275891773445');
INSERT INTO sys_resource_permission (id, role_id, resource_id) VALUES ('90839087', '2000', '1290700275891773446');
INSERT INTO sys_resource_permission (id, role_id, resource_id) VALUES ('90839088', '2000', '1290700275891773452');
INSERT INTO sys_resource_permission (id, role_id, resource_id) VALUES ('92012000', '2000', '9201');
INSERT INTO sys_resource_permission (id, role_id, resource_id) VALUES ('92022000', '2000', '9202');
INSERT INTO sys_resource_permission (id, role_id, resource_id) VALUES ('92032000', '2000', '9203');
INSERT INTO sys_resource_permission (id, role_id, resource_id) VALUES ('92042000', '2000', '9204');
INSERT INTO sys_resource_permission (id, role_id, resource_id) VALUES ('92052000', '2000', '9205');
INSERT INTO sys_resource_permission (id, role_id, resource_id) VALUES ('92062000', '2000', '9206');
INSERT INTO sys_resource_permission (id, role_id, resource_id) VALUES ('93052000', '2000', '9305');
INSERT INTO sys_resource_permission (id, role_id, resource_id) VALUES ('93062000', '2000', '9306');
INSERT INTO sys_resource_permission (id, role_id, resource_id) VALUES ('93072000', '2000', '9307');
INSERT INTO sys_resource_permission (id, role_id, resource_id) VALUES ('93082000', '2000', '9308');
INSERT INTO sys_resource_permission (id, role_id, resource_id) VALUES ('93092000', '2000', '9309');
INSERT INTO sys_resource_permission (id, role_id, resource_id) VALUES ('93102000', '2000', '9310');
INSERT INTO sys_resource_permission (id, role_id, resource_id) VALUES ('196676929125298728', '2000', '1130517735470399508');
INSERT INTO sys_resource_permission (id, role_id, resource_id) VALUES ('196676929125998728', '2000', '9039');
INSERT INTO sys_resource_permission (id, role_id, resource_id) VALUES ('196676929125998729', '2000', '9036');
INSERT INTO sys_resource_permission (id, role_id, resource_id) VALUES ('196676929125998730', '2000', '9020');
INSERT INTO sys_resource_permission (id, role_id, resource_id) VALUES ('196676929125998731', '2000', '9021');
INSERT INTO sys_resource_permission (id, role_id, resource_id) VALUES ('196676929125998732', '2000', '9027');
INSERT INTO sys_resource_permission (id, role_id, resource_id) VALUES ('196676929125998733', '2000', '9042');
INSERT INTO sys_resource_permission (id, role_id, resource_id) VALUES ('196676929125998734', '2000', '9044');
INSERT INTO sys_resource_permission (id, role_id, resource_id) VALUES ('196676929125998735', '2000', '9048');
INSERT INTO sys_resource_permission (id, role_id, resource_id) VALUES ('196676929125998736', '2000', '9005');
INSERT INTO sys_resource_permission (id, role_id, resource_id) VALUES ('196676929125998737', '2000', '9018');
INSERT INTO sys_resource_permission (id, role_id, resource_id) VALUES ('196676929125998738', '2000', '9037');
INSERT INTO sys_resource_permission (id, role_id, resource_id) VALUES ('196676929125998739', '2000', '9029');
INSERT INTO sys_resource_permission (id, role_id, resource_id) VALUES ('196676929125998740', '2000', '9000');
INSERT INTO sys_resource_permission (id, role_id, resource_id) VALUES ('196676929125998741', '2000', '9047');
INSERT INTO sys_resource_permission (id, role_id, resource_id) VALUES ('196676929125998742', '2000', '9019');
INSERT INTO sys_resource_permission (id, role_id, resource_id) VALUES ('196676929125998743', '2000', '9016');
INSERT INTO sys_resource_permission (id, role_id, resource_id) VALUES ('196676929125998744', '2000', '9003');
INSERT INTO sys_resource_permission (id, role_id, resource_id) VALUES ('196676929125998745', '2000', '9024');
INSERT INTO sys_resource_permission (id, role_id, resource_id) VALUES ('196676929125998746', '2000', '9022');
INSERT INTO sys_resource_permission (id, role_id, resource_id) VALUES ('196676929125998747', '2000', '9004');
INSERT INTO sys_resource_permission (id, role_id, resource_id) VALUES ('196676929125998748', '2000', '9040');
INSERT INTO sys_resource_permission (id, role_id, resource_id) VALUES ('196676929125998749', '2000', '9043');
INSERT INTO sys_resource_permission (id, role_id, resource_id) VALUES ('196676929125998750', '2000', '9012');
INSERT INTO sys_resource_permission (id, role_id, resource_id) VALUES ('196676929125998751', '2000', '9008');
INSERT INTO sys_resource_permission (id, role_id, resource_id) VALUES ('196676929125998752', '2000', '9013');
INSERT INTO sys_resource_permission (id, role_id, resource_id) VALUES ('196676929125998753', '2000', '9033');
INSERT INTO sys_resource_permission (id, role_id, resource_id) VALUES ('196676929125998754', '2000', '9007');
INSERT INTO sys_resource_permission (id, role_id, resource_id) VALUES ('196676929125998755', '2000', '9030');
INSERT INTO sys_resource_permission (id, role_id, resource_id) VALUES ('196676929125998756', '2000', '9035');
INSERT INTO sys_resource_permission (id, role_id, resource_id) VALUES ('196676929125998757', '2000', '9041');
INSERT INTO sys_resource_permission (id, role_id, resource_id) VALUES ('196676929125998758', '2000', '9038');
INSERT INTO sys_resource_permission (id, role_id, resource_id) VALUES ('196676929125998759', '2000', '9045');
INSERT INTO sys_resource_permission (id, role_id, resource_id) VALUES ('196676929125998760', '2000', '9017');
INSERT INTO sys_resource_permission (id, role_id, resource_id) VALUES ('196676929125998761', '2000', '9028');
INSERT INTO sys_resource_permission (id, role_id, resource_id) VALUES ('196676929125998762', '2000', '9032');
INSERT INTO sys_resource_permission (id, role_id, resource_id) VALUES ('196676929125998763', '2000', '1088842448018653190');
INSERT INTO sys_resource_permission (id, role_id, resource_id) VALUES ('196676929125998764', '2000', '1088842448018653191');
INSERT INTO sys_resource_permission (id, role_id, resource_id) VALUES ('196676929125998765', '2000', '1088842448018653192');
INSERT INTO sys_resource_permission (id, role_id, resource_id) VALUES ('196676929125998766', '2000', '1088842448018653193');
INSERT INTO sys_resource_permission (id, role_id, resource_id) VALUES ('196676929125998767', '2000', '1088842448018653194');
INSERT INTO sys_resource_permission (id, role_id, resource_id) VALUES ('196676929125998768', '2000', '1088842448018653196');
INSERT INTO sys_resource_permission (id, role_id, resource_id) VALUES ('196676929125998775', '2000', '1162895604136402947');
INSERT INTO sys_resource_permission (id, role_id, resource_id) VALUES ('196676929125998776', '2000', '1162895604136402948');
INSERT INTO sys_resource_permission (id, role_id, resource_id) VALUES ('196676929125998777', '2000', '1162895604136402949');
INSERT INTO sys_resource_permission (id, role_id, resource_id) VALUES ('196676929125998778', '2000', '1162895604136402950');
INSERT INTO sys_resource_permission (id, role_id, resource_id) VALUES ('196676929125998779', '2000', '1162895604136402951');
INSERT INTO sys_resource_permission (id, role_id, resource_id) VALUES ('196676929125998780', '2000', '1162895604136402952');
INSERT INTO sys_resource_permission (id, role_id, resource_id) VALUES ('196676929125998781', '2000', '1267118380069445676');
INSERT INTO sys_resource_permission (id, role_id, resource_id) VALUES ('196676929125998782', '2000', '1267118380069445674');
INSERT INTO sys_resource_permission (id, role_id, resource_id) VALUES ('196676929125998783', '2000', '1267118380069445669');
INSERT INTO sys_resource_permission (id, role_id, resource_id) VALUES ('196676929125998784', '2000', '1267118380069445668');
INSERT INTO sys_resource_permission (id, role_id, resource_id) VALUES ('196676929125998785', '2000', '1267118380069445667');
INSERT INTO sys_resource_permission (id, role_id, resource_id) VALUES ('196676929125998786', '2000', '1267118380069445666');
INSERT INTO sys_resource_permission (id, role_id, resource_id) VALUES ('196676929125998787', '2000', '1267118380069445688');
INSERT INTO sys_resource_permission (id, role_id, resource_id) VALUES ('196676929125998788', '2000', '1267118380069445682');
INSERT INTO sys_resource_permission (id, role_id, resource_id) VALUES ('196676929125998789', '2000', '1267118380069445681');
INSERT INTO sys_resource_permission (id, role_id, resource_id) VALUES ('196676929125998790', '2000', '1267118380069445680');
INSERT INTO sys_resource_permission (id, role_id, resource_id) VALUES ('196676929125998791', '2000', '1267118380069445678');
INSERT INTO sys_resource_permission (id, role_id, resource_id) VALUES ('196676929125998792', '2000', '1267118380069445678');
INSERT INTO sys_resource_permission (id, role_id, resource_id) VALUES ('196676929125998793', '2000', '1267118380069445679');
INSERT INTO sys_resource_permission (id, role_id, resource_id) VALUES ('196676929125998794', '2000', '1398894745514917943');
INSERT INTO sys_resource_permission (id, role_id, resource_id) VALUES ('196676929125998795', '2000', '1398894745514917945');
INSERT INTO sys_resource_permission (id, role_id, resource_id) VALUES ('196676929125998796', '2000', '1398894745514917935');
INSERT INTO sys_resource_permission (id, role_id, resource_id) VALUES ('196676929125998797', '2000', '1398894745514917936');
INSERT INTO sys_resource_permission (id, role_id, resource_id) VALUES ('196676929125998798', '2000', '1398894745514917937');
INSERT INTO sys_resource_permission (id, role_id, resource_id) VALUES ('196676929125998799', '2000', '1398894745514917938');
INSERT INTO sys_resource_permission (id, role_id, resource_id) VALUES ('196676929125998800', '2000', '1399178814651924495');
INSERT INTO sys_resource_permission (id, role_id, resource_id) VALUES ('196676929125998801', '2000', '1399178814651924496');
INSERT INTO sys_resource_permission (id, role_id, resource_id) VALUES ('196676929125998802', '2000', '1399178814651924497');
INSERT INTO sys_resource_permission (id, role_id, resource_id) VALUES ('196676929125998803', '2000', '1399178814651924501');
INSERT INTO sys_resource_permission (id, role_id, resource_id) VALUES ('196676929125998804', '2000', '1399178814651924502');
INSERT INTO sys_resource_permission (id, role_id, resource_id) VALUES ('196676929125998805', '2000', '1399178814651924493');
INSERT INTO sys_resource_permission (id, role_id, resource_id) VALUES ('9083', '2001', '9083');
INSERT INTO sys_resource_permission (id, role_id, resource_id) VALUES ('9084', '2001', '9084');
INSERT INTO sys_resource_permission (id, role_id, resource_id) VALUES ('9085', '2001', '9085');
INSERT INTO sys_resource_permission (id, role_id, resource_id) VALUES ('9086', '2001', '9086');
INSERT INTO sys_resource_permission (id, role_id, resource_id) VALUES ('20019000', '2001', '9000');
INSERT INTO sys_resource_permission (id, role_id, resource_id) VALUES ('20019001', '2001', '1434767085467328525');
INSERT INTO sys_resource_permission (id, role_id, resource_id) VALUES ('20019002', '2001', '1434767085467328528');
INSERT INTO sys_resource_permission (id, role_id, resource_id) VALUES ('20019003', '2001', '9003');
INSERT INTO sys_resource_permission (id, role_id, resource_id) VALUES ('20019016', '2001', '9016');
INSERT INTO sys_resource_permission (id, role_id, resource_id) VALUES ('20019019', '2001', '9019');
INSERT INTO sys_resource_permission (id, role_id, resource_id) VALUES ('20019024', '2001', '9024');
INSERT INTO sys_resource_permission (id, role_id, resource_id) VALUES ('20019047', '2001', '9047');
INSERT INTO sys_resource_permission (id, role_id, resource_id) VALUES ('50512001', '2001', '683902640570327051');
INSERT INTO sys_resource_permission (id, role_id, resource_id) VALUES ('70472001', '2001', '683902640570327047');
INSERT INTO sys_resource_permission (id, role_id, resource_id) VALUES ('70492001', '2001', '683902640570327049');
INSERT INTO sys_resource_permission (id, role_id, resource_id) VALUES ('70502001', '2001', '683902640570327050');
INSERT INTO sys_resource_permission (id, role_id, resource_id) VALUES ('70522001', '2001', '683902640570327052');
INSERT INTO sys_resource_permission (id, role_id, resource_id) VALUES ('91012001', '2001', '9101');
INSERT INTO sys_resource_permission (id, role_id, resource_id) VALUES ('91022001', '2001', '9102');
INSERT INTO sys_resource_permission (id, role_id, resource_id) VALUES ('91032001', '2001', '9103');
INSERT INTO sys_resource_permission (id, role_id, resource_id) VALUES ('91042001', '2001', '9104');
INSERT INTO sys_resource_permission (id, role_id, resource_id) VALUES ('91052001', '2001', '9105');
INSERT INTO sys_resource_permission (id, role_id, resource_id) VALUES ('91062001', '2001', '9106');
INSERT INTO sys_resource_permission (id, role_id, resource_id) VALUES ('92012001', '2001', '9201');
INSERT INTO sys_resource_permission (id, role_id, resource_id) VALUES ('92022001', '2001', '9202');
INSERT INTO sys_resource_permission (id, role_id, resource_id) VALUES ('92042001', '2001', '9204');
INSERT INTO sys_resource_permission (id, role_id, resource_id) VALUES ('92052001', '2001', '9205');
INSERT INTO sys_resource_permission (id, role_id, resource_id) VALUES ('93052001', '2001', '9305');
INSERT INTO sys_resource_permission (id, role_id, resource_id) VALUES ('93062001', '2001', '9306');
INSERT INTO sys_resource_permission (id, role_id, resource_id) VALUES ('93072001', '2001', '9307');
INSERT INTO sys_resource_permission (id, role_id, resource_id) VALUES ('93082001', '2001', '9308');
INSERT INTO sys_resource_permission (id, role_id, resource_id) VALUES ('93092001', '2001', '9309');
INSERT INTO sys_resource_permission (id, role_id, resource_id) VALUES ('93102001', '2001', '9310');
INSERT INTO sys_resource_permission (id, role_id, resource_id) VALUES ('196676929122398712', '2001', '1130517735470399508');
INSERT INTO sys_resource_permission (id, role_id, resource_id) VALUES ('196676929125998648', '2001', '9076');
INSERT INTO sys_resource_permission (id, role_id, resource_id) VALUES ('196676929125998649', '2001', '9075');
INSERT INTO sys_resource_permission (id, role_id, resource_id) VALUES ('196676929125998650', '2001', '9073');
INSERT INTO sys_resource_permission (id, role_id, resource_id) VALUES ('196676929125998651', '2001', '9074');
INSERT INTO sys_resource_permission (id, role_id, resource_id) VALUES ('196676929125998652', '2001', '9062');
INSERT INTO sys_resource_permission (id, role_id, resource_id) VALUES ('196676929125998653', '2001', '9064');
INSERT INTO sys_resource_permission (id, role_id, resource_id) VALUES ('196676929125998654', '2001', '9063');
INSERT INTO sys_resource_permission (id, role_id, resource_id) VALUES ('196676929125998655', '2001', '9053');
INSERT INTO sys_resource_permission (id, role_id, resource_id) VALUES ('196676929125998656', '2001', '9055');
INSERT INTO sys_resource_permission (id, role_id, resource_id) VALUES ('196676929125998657', '2001', '9054');
INSERT INTO sys_resource_permission (id, role_id, resource_id) VALUES ('196676929125998658', '2001', '9068');
INSERT INTO sys_resource_permission (id, role_id, resource_id) VALUES ('196676929125998659', '2001', '9069');
INSERT INTO sys_resource_permission (id, role_id, resource_id) VALUES ('196676929125998660', '2001', '9067');
INSERT INTO sys_resource_permission (id, role_id, resource_id) VALUES ('196676929125998673', '2001', '9023');
INSERT INTO sys_resource_permission (id, role_id, resource_id) VALUES ('196676929125998674', '2001', '9015');
INSERT INTO sys_resource_permission (id, role_id, resource_id) VALUES ('196676929125998675', '2001', '9002');
INSERT INTO sys_resource_permission (id, role_id, resource_id) VALUES ('196676929125998676', '2001', '9026');
INSERT INTO sys_resource_permission (id, role_id, resource_id) VALUES ('196676929125998677', '2001', '9034');
INSERT INTO sys_resource_permission (id, role_id, resource_id) VALUES ('196676929125998678', '2001', '9014');
INSERT INTO sys_resource_permission (id, role_id, resource_id) VALUES ('196676929125998679', '2001', '9006');
INSERT INTO sys_resource_permission (id, role_id, resource_id) VALUES ('196676929125998680', '2001', '9049');
INSERT INTO sys_resource_permission (id, role_id, resource_id) VALUES ('196676929125998681', '2001', '9031');
INSERT INTO sys_resource_permission (id, role_id, resource_id) VALUES ('196676929125998682', '2001', '9052');
INSERT INTO sys_resource_permission (id, role_id, resource_id) VALUES ('196676929125998683', '2001', '9001');
INSERT INTO sys_resource_permission (id, role_id, resource_id) VALUES ('196676929125998684', '2001', '9010');
INSERT INTO sys_resource_permission (id, role_id, resource_id) VALUES ('196676929125998685', '2001', '9022');
INSERT INTO sys_resource_permission (id, role_id, resource_id) VALUES ('196676929125998686', '2001', '9004');
INSERT INTO sys_resource_permission (id, role_id, resource_id) VALUES ('196676929125998687', '2001', '9040');
INSERT INTO sys_resource_permission (id, role_id, resource_id) VALUES ('196676929125998688', '2001', '9043');
INSERT INTO sys_resource_permission (id, role_id, resource_id) VALUES ('196676929125998689', '2001', '9012');
INSERT INTO sys_resource_permission (id, role_id, resource_id) VALUES ('196676929125998690', '2001', '54172422505193473');
INSERT INTO sys_resource_permission (id, role_id, resource_id) VALUES ('196676929125998691', '2001', '41105517082353674');
INSERT INTO sys_resource_permission (id, role_id, resource_id) VALUES ('196676929125998692', '2001', '41105517082353672');
INSERT INTO sys_resource_permission (id, role_id, resource_id) VALUES ('196676929125998693', '2001', '41105517082353670');
INSERT INTO sys_resource_permission (id, role_id, resource_id) VALUES ('196676929125998694', '2001', '41105517082353668');
INSERT INTO sys_resource_permission (id, role_id, resource_id) VALUES ('196676929125998695', '2001', '41105517082353666');
INSERT INTO sys_resource_permission (id, role_id, resource_id) VALUES ('196676929125998696', '2001', '54172422505193475');
INSERT INTO sys_resource_permission (id, role_id, resource_id) VALUES ('196676929125998697', '2001', '52959231682854923');
INSERT INTO sys_resource_permission (id, role_id, resource_id) VALUES ('196676929125998698', '2001', '52959231682854921');
INSERT INTO sys_resource_permission (id, role_id, resource_id) VALUES ('196676929125998699', '2001', '52959231682854919');
INSERT INTO sys_resource_permission (id, role_id, resource_id) VALUES ('196676929125998700', '2001', '52959231682854917');
INSERT INTO sys_resource_permission (id, role_id, resource_id) VALUES ('196676929125998701', '2001', '52959231682854915');
INSERT INTO sys_resource_permission (id, role_id, resource_id) VALUES ('196676929125998702', '2001', '9051');
INSERT INTO sys_resource_permission (id, role_id, resource_id) VALUES ('196676929125998703', '2001', '9050');
INSERT INTO sys_resource_permission (id, role_id, resource_id) VALUES ('196676929125998704', '2001', '9011');
INSERT INTO sys_resource_permission (id, role_id, resource_id) VALUES ('196676929125998705', '2001', '9025');
INSERT INTO sys_resource_permission (id, role_id, resource_id) VALUES ('196676929125998706', '2001', '9009');
INSERT INTO sys_resource_permission (id, role_id, resource_id) VALUES ('196676929125998707', '2001', '9046');
INSERT INTO sys_resource_permission (id, role_id, resource_id) VALUES ('196676929125998708', '2001', '9066');
INSERT INTO sys_resource_permission (id, role_id, resource_id) VALUES ('196676929125998709', '2001', '9065');
INSERT INTO sys_resource_permission (id, role_id, resource_id) VALUES ('196676929125998710', '2001', '9071');
INSERT INTO sys_resource_permission (id, role_id, resource_id) VALUES ('196676929125998711', '2001', '9070');
INSERT INTO sys_resource_permission (id, role_id, resource_id) VALUES ('196676929125998712', '2001', '9072');


-- 系统主题
INSERT INTO sys_theme (id, name, theme, is_default, remarks, create_by, create_date, update_by, update_date, del_flag) VALUES ('532442783541223425', '孔雀蓝', '{"theme":"#018CB7","headerColor":"rgb(1, 140, 183)","sidebarColor":"rgb(0, 0, 0)","backgroundColor":"rgb(242, 252, 255)","style":"up-down","size":"mini","fixedHeader":true,"showLogo":true,"showTagsView":false,"datetime":1626426112814}', '1', '', '系统管理员(system)', '2021-07-16 17:03:19', '系统管理员(system)', '2021-07-20 13:50:29', '0');
INSERT INTO sys_theme (id, name, theme, is_default, remarks, create_by, create_date, update_by, update_date, del_flag) VALUES ('532442783541223450', '青草绿', '{"theme":"#11A983","headerColor":"rgb(17, 169, 131)","sidebarColor":"rgb(0, 0, 0)","backgroundColor":"rgb(248, 255, 253)","style":"left-right","size":"mini","fixedHeader":true,"showLogo":true,"showTagsView":false,"datetime":1626426112814}', '0', '', '系统管理员(system)', '2021-07-16 17:29:29', '系统管理员(system)', '2021-07-17 16:30:43', '0');
INSERT INTO sys_theme (id, name, theme, is_default, remarks, create_by, create_date, update_by, update_date, del_flag) VALUES ('533479657365979503', '中国红', '{"theme":"#b62719","headerColor":"rgb(198, 7, 0)","sidebarColor":"rgb(0, 0, 0)","backgroundColor":"rgb(255, 246, 246)","style":"up-down","size":"mini","fixedHeader":true,"showLogo":true,"showTagsView":false,"datetime":1626426112814}', '0', '', '系统管理员(system)', '2021-07-17 16:12:55', '系统管理员(system)', '2021-07-17 16:30:12', '0');
INSERT INTO sys_theme (id, name, theme, is_default, remarks, create_by, create_date, update_by, update_date, del_flag) VALUES ('537966369182081163', '科技黑', '{"theme":"#3d485d","headerColor":"rgb(26, 30, 38)","sidebarColor":"rgb(36, 41, 51)","backgroundColor":"rgb(252, 252, 252)","style":"up-down","size":"mini","fixedHeader":true,"showLogo":true,"showTagsView":false,"datetime":1626426112814}', '0', '', '系统管理员(system)', '2021-07-20 13:36:12', '系统管理员(system)', '2021-07-20 13:36:12', '0');
INSERT INTO sys_theme (id, name, theme, is_default, remarks, create_by, create_date, update_by, update_date, del_flag) VALUES ('537966369182081165', '极简白', '{"theme":"#409EFF","headerColor":"rgb(255, 255, 255)","sidebarColor":"rgb(245, 244, 244)","backgroundColor":"rgb(255, 255, 255)","style":"up-down","size":"mini","fixedHeader":true,"showLogo":true,"showTagsView":false,"datetime":1626426112814}', '0', '', '系统管理员(system)', '2021-07-20 13:40:21', '系统管理员(system)', '2021-07-20 13:50:02', '0');


-- 系统设置
INSERT INTO sys_seting (id, sys_name, sys_abbrname, login_bgcolor, login_layout, project_logo, login_logo, sys_logo, favicon, login_bg, login_graph, remarks, create_by, create_date, update_by, update_date, del_flag) VALUES ('613672228698857510', '新致快速开发平台', '快速开发平台', 'rgb(244, 244, 244)', 'simple-center', '1', '2', '3', '4', '5', '6', '', '系统管理员(system)', '2021-09-09 10:51:40', '超级管理员(super)', '2021-09-15 16:10:32', '0');


-- 附件表
INSERT INTO sys_file (id, object_id, name, file_type, file_size, file_url, remarks, create_by, create_date, update_by, update_date, del_flag) VALUES ('1', '613672228698857510', 'projectLogo.png', 'image/png', '8839', '', '', '系统管理员(system)', '2021-09-09 10:51:40', 'kaka(wkk)', '2021-09-10 17:27:32', '0');
INSERT INTO sys_file (id, object_id, name, file_type, file_size, file_url, remarks, create_by, create_date, update_by, update_date, del_flag) VALUES ('2', '613672228698857510', 'loginLogo.png', 'image/png', '10579', '', '', '系统管理员(system)', '2021-09-09 10:51:40', 'kaka(wkk)', '2021-09-10 15:45:02', '0');
INSERT INTO sys_file (id, object_id, name, file_type, file_size, file_url, remarks, create_by, create_date, update_by, update_date, del_flag) VALUES ('3', '613672228698857510', 'sysLogo.png', 'image/png', '8839', '', '', '系统管理员(system)', '2021-09-09 10:51:40', '超级管理员(super)', '2021-09-15 16:10:31', '0');
INSERT INTO sys_file (id, object_id, name, file_type, file_size, file_url, remarks, create_by, create_date, update_by, update_date, del_flag) VALUES ('4', '613672228698857510', 'favicon.ico', 'image/vnd.microsoft.icon', '1150', '', '', '系统管理员(system)', '2021-09-09 10:51:40', '超级管理员(super)', '2021-09-15 16:10:32', '0');
INSERT INTO sys_file (id, object_id, name, file_type, file_size, file_url, remarks, create_by, create_date, update_by, update_date, del_flag) VALUES ('5', '613672228698857510', 'loginBg.jpg', 'image/jpeg', '604080', '', '', '系统管理员(system)', '2021-09-09 10:51:41', 'kaka(wkk)', '2021-09-10 17:29:26', '0');
INSERT INTO sys_file (id, object_id, name, file_type, file_size, file_url, remarks, create_by, create_date, update_by, update_date, del_flag) VALUES ('6', '613672228698857510', 'loginGraph.jpg', 'image/jpeg', '159585', '', '', '系统管理员(system)', '2021-09-09 10:51:41', 'kaka(wkk)', '2021-09-10 17:32:47', '0');


-- 低代码-业务表字段


-- 低代码-代码方案


-- 低代码-模板


-- 低代码-前端方案


-- 低代码-查询列


-- 低代码-业务表


-- 低代码-查询条件


